198
11
13
271
16
220
15
17
25
279
262
283
18
264
321
8
285
328
19
26
310
12
21
318
314
313
20
30
303
735
1116
440
364
14235
1174
471
369
309
348
641
1
516
413
713
1510
59
476
60
2972
22
333
23
6970
980
24
478
82
514
92
628
421
487
63
90
91
50285
466
332
307
87
424
14
359
29
7
197
524
67
62
16018
2581
460
58
434
561
388
799
2830
54802
381
28
397
557
1393
830
31
77
1144
383
2228
539
1892
585
1407
694
430
593
4087
1328
594
1156
494
554
506
498
1534
61
10
606
256
869
958
361
816
1331
681
401
513
75370
272
69
1596
579
504
13962
808
35790
353
320
874
553
363
984
257
709
682
1558
22464
1149
4222
46
27
10333
6088
281
1433
345
9
406
1132
2702
437
4051
64
3300
795
854
2212
6
1032
638
760
3025
449
4277
6558
803
1088
1788
957
71093
14728
1224
44
44646
1103
411
10380
1970
1089
496
374
1921
493
1368
311
846
695
47
3042
2007
715
3269
295
1141
2061
877
267
22916
19671
1001
828
847
1906
785
1608
535
2291
2153
1083
1528
1267
569
1189
15162
5010
60593
660
1137
319
28320
5813
4566
10583
1105
71
80
61446
351
4779
4047
488
886
1590
1040
6679
90448
550
763
2535
1147
574
2919
599
878
30858
32
5098
2607
197354
3403
1259
274
1049
16159
1754
913
1330
2381
2258
366
2849
3010
85
70
748
54962
30737
989
261
3046
4523
998
390
286
1428
2526
1118
1879
745
975
9802
343
65
2189
76
17237
79
4105
3421
685
5722
3158
1817
948
304
8705
2200
725
45545
4097
780
733
889
644
843
7267
1901
804
867
788
888
728
6813
578
26026
1876
864
883
1870
7936
3428
280
2069
2168
7782
999
1423
3129
3717
100853
777
2107
1352
3433
4885
1756
2754
1067
5272
2163
1143
580
1761
8240
1791
2708
537
976
680
6000
1898
2468
5208
1048
1744
1911
8569
736
1559
8606
34314
5810
36974
2654
1453
3134
1411
995
338
1092
3307
653
3506
834
871
1644
4129
299
906
443
4145
6283
3299
1690
625
12756
8189
595
1167
2730
652
3687
66
5036
1066
53
55
43
2933
5574
15673
1061
22456
491
3709
19748
868
6112
12413
3141
166873
10673
1079
38681
3425
615
1746
3163
12754
64700
1165
3431
3614
29456
944
387
1345
4947
2018
11458
2424
81
1042
3988
8207
1581
417
5458
51
5257
2
548
436
13853
1710
72
287
7441
159034
11393
1293
6993
185689
716
464
52451
1193
420
290
1698
13039
4188
791
2501
18601
86254
6533
1316
1204
1542
5533
357
1117
10694
1395
12952
4220
39
2519
1968
3855
42743
1389
375
427
1228
5878
6326
17410
636
2000
1420
5222
6750
4207
8329
259
1024
1463
2086
13985
25804
1332
50
16908
21264
22703
33289
9849
7466
39682
11927
4628
1379
813
48
1122
1000
1521
4206
331
853
31276
269
2610
673
1373
297
678
781
8268
3370
423
11069
1469
5129
1102
4613
5802
4624
1148
2446
1321
482
84
637
2015
836
3962
42
9861
1056
2437
2357
1990
3611
1216
45
1918
2438
1683
11316
7054
2250
5479
3578
22258
7752
2570
635
2031
2502
7734
36840
92151
5022
2652
6185
1724
43868
10453
28763
38256
551
2005
79091
3850
16561
40986
6908
53253
29726
7639
179331
25275
68751
30763
89167
2276
5081
1572
1179
5242
396
1822
3000
621
2233
1152
3165
819
1881
978
972
697
78
2736
6613
83
5020
265
1926
1765
1010
1387
5435
5492
6025
1142
2964
1210
7434
2336
74
6673
4138
3079
34
907
1622
1414
2423
2493
1044
470
14145
2393
2321
7621
950
7873
33
38
5150
10713
1973
988
5972
866
89
3772
3364
1220
8242
12305
850
1680
1394
2904
2171
2136
296
370
5757
15167
2429
1503
1201
3074
5003
17541
2592
3678
1611
93720
4581
76367
5707
1151
93548
75
12967
12143
55821
501
1560
727
4272
6767
4960
12500
646
82210
7031
19455
16415
10738
32832
43460
10033
9764
13262
7622
5189
42514
1451
99178
62289
27425
40302
39210
57808
11856
6276
2784
492
835
382
293
1865
428
931
3136
3112
1396
52965
292
21746
723
3238
27871
852
2166
0
458
14280
1120
2048
35
13983
1623
591
2564
1203
4876
4346
1292
4424
1548
2512
5148
927
68
567
5471
1752
8482
821
29429
658
1844
902
1054
6857
1472
6557
5384
2397
445
1257
1603
288
710
3019
5790
519
2577
1786
5306
5728
919
1538
4368
5128
884
88
14312
4757
1236
1353
7530
992
2518
4612
2706
2396
5904
3841
6038
623
1652
12654
36
2387
2717
6570
8187
4191
2980
2894
9307
15697
3812
4666
3808
1725
11776
28495
7019
18188
22882
1824
1465
4546
2073
30761
3387
284
4976
2398
41185
2441
6677
93868
4799
27007
7304
27690
53863
6169
14970
4114
43828
12354
49142
18519
32221
4154
63811
29053
10985
2715
4639
38057
19052
27137
7548
190057
22899
3656
50739
102177
11642
14076
1920
2600
1317
1070
1439
1782
5224
23636
3255
1133
1799
380
46609
393
3443
1238
2426
2733
508
6971
5176
273
26014
2801
4221
784
1708
1324
1479
973
2390
9566
668
4437
260
1707
2002
1495
3889
1145
627
3008
4224
3778
9801
4557
3790
4364
5144
37
291
1989
5986
1794
1445
378
1146
1429
7025
1404
3018
1857
8387
4563
10121
4961
3333
14545
14392
3565
3802
3520
951
5759
6646
2234
1284
1391
1310
1153
5774
1785
9705
12316
11128
2243
1630
4075
701
2538
1928
1830
2852
11256
3579
6435
4831
11447
4374
6886
2083
517
3620
447
5138
914
1318
4238
7563
3746
8125
85181
20363
17067
7697
22740
500
2993
18912
26156
34521
18777
13553
1960
7736
3524
3040
9046
11346
577
4417
15199
21563
3964
12204
56374
5983
9117
8720
1910
15540
5041
7813
9859
6713
4770
40284
28445
1358
4072
13428
9370
1343
19264
8323
7057
11036
19708
10885
59304
29908
2827
10458
2407
39737
13067
1247
1405
19213
3437
933
31230
6712
13808
27896
19018
3296
7294
2299
324
22373
3239
71159
29262
38269
29800
10204
20947
18191
16097
9973
3943
8169
2739
827
45776
84721
32645
19520
30841
94110
20734
7030
16002
52231
14294
44193
2713
29732
9808
15616
6743
7846
38801
10079
32274
41674
13696
39666
65416
19942
216450
21483
44411
188852
119016
103847
97900
88093
3205
31850
25941
47788
23022
28658
59036
88724
49873
90250
648
6892
2542
1483
1442
4380
2590
4535
4778
720
2406
4016
4147
1438
730
43265
1719
414
6057
6592
925
2204
17574
3625
2072
13685
2470
352
2552
56723
2444
3177
3050
2961
1313
2576
2235
3162
3109
2372
3357
1902
4706
38170
1992
426
266
1575
9981
5996
53281
3254
1494
1455
1301
2725
2279
1500
2342
13509
2551
1245
2623
3749
1578
1599
3665
2668
30095
3693
278
1657
2100
1362
3311
3979
2756
2797
56490
9222
5775
3980
1250
592
16236
2149
7481
5135
1771
275
306
41179
3537
76366
6518
6186
1727
2857
4216
1852
9537
1501
1984
467
7827
5497
5443
2556
4570
6150
9834
8060
7225
469
2643
1753
8428
4763
4821
2020
1139
329
5568
5142
2302
2478
8156
1866
2334
481
1441
4203
27653
2330
10220
4109
5392
1218
687
10134
1659
629
2721
7797
8026
4807
2278
5165
2949
5265
3181
8837
6616
2723
76192
556
2305
6044
3658
1740
10263
49
3739
2844
2144
19913
11189
3401
8159
8129
6599
3817
91585
8038
11930
4843
20364
52
829
5753
398
13640
1965
1627
3992
2261
3545
879
529
77470
814
13064
6681
2047
11540
40229
4944
5792
8394
48825
25181
9572
2931
12164
2838
10383
2968
11590
2099
15795
6369
1178
9687
7014
2785
4480
1660
549
1745
4322
24401
7408
5821
3359
8014
632
2922
86
4429
809
2270
16451
10278
6587
3377
14377
92217
2282
2094
8404
11258
2814
5436
2347
33191
51046
5927
10242
9057
7066
5303
456
276
4549
9954
34347
5141
6762
3638
10966
3270
12261
14712
5508
5805
26817
2503
670
6414
24162
9201
10281
21568
22449
14456
6608
3105
5438
892
3496
1496
1477
8434
3349
3418
3999
5316
35531
462
11112
64910
201
34475
7698
11293
4992
16722
13402
32680
15947
10194
6105
4350
21500
14991
6236
8288
6847
8931
20139
2663
5474
9477
12650
6749
9815
24801
2469
35141
7641
6696
11290
15060
28430
51624
11679
26785
34051
10710
9236
2353
32879
10413
27869
8487
34942
23557
10525
16346
5607
29346
4747
13730
63858
11778
1987
8722
2394
8981
11618
18797
11910
8160
74060
2298
7525
41163
14752
3659
4011
1176
9579
22410
9077
21094
1172
64247
36584
76436
50131
30184
24828
83079
55965
82697
27056
12945
27123
48641
54409
48218
43189
12693
29109
13638
30800
3427
23065
77101
12216
4286
21200
31389
1944
25219
12465
29016
21044
28196
10631
18237
48157
60292
26034
36539
7499
10252
1649
91543
28107
182272
99986
95761
99193
100593
99460
97811
43459
49171
31866
13378
218951
7196
215482
27368
175100
41820
46628
41416
25419
6899
57789
8529
16694
8904
83839
36865
84828
12312
30637
45631
10681
6187
12866
5215
1716
1718
27966
1327
327
20618
29273
1064
4202
2716
1412
3764
17963
605
2377
8866
13224
729
87930
75021
6942
1380
767
1609
25500
1124
503
80992
14071
5
837
5945
4040
1063
10005
2942
2624
2843
11626
1249
1628
334
2958
1384
1104
14705
11087
3567
6182
1027
2880
13525
9348
21111
2078
1074
1248
4732
2400
1518
9696
11442
4794
3571
7561
2516
2193
2448
4021
8015
4293
3645
16401
4906
2272
977
6688
6256
15278
4213
429
2599
5553
40
6144
565
349
7658
3842
3085
10122
2997
5058
3429
11222
6397
354
4965
2416
9593
5046
8958
6522
26993
42023
7167
3175
11354
5995
1566
4241
833
1302
3160
2806
1007
7708
5920
3456
8484
2678
4023
14835
2117
15952
696
70267
4520
33893
4787
6742
1669
766
1272
5741
25018
17166
6948
2213
1498
9345
3668
1602
7824
20951
8422
6797
1502
8753
2378
14934
308
802
2583
974
5077
9167
1801
6711
6701
7980
28217
8436
3886
9461
3950
2923
1188
4162
2805
3816
6310
3619
3350
1779
8127
712
277
2971
1610
3130
1856
10474
8403
6843
13946
2873
3608
1899
18920
31416
18615
57
24734
3944
560
4786
2414
1929
1734
23775
18029
2675
10223
6316
1467
25197
2937
6163
2640
4754
8798
1473
82251
2484
10630
8545
1261
826
1767
13682
1009
74451
1971
12609
20923
228
3133
3765
5055
3204
18583
7723
4276
1366
3622
916
3845
9714
59348
2205
4254
8742
5964
23698
14122
9989
5555
4433
3098
18054
25470
7472
6513
5469
8786
2831
6321
70490
457
40554
3438
1797
2641
1957
2695
1323
25212
8854
7718
3738
9626
656
10642
2430
4081
5386
12351
3768
1919
25223
21440
6498
5548
5122
11687
24983
7071
7036
408
7129
5915
4
1097
1511
7911
2885
3369
4530
10222
5307
4541
4508
21349
3983
11668
41973
659
4425
9511
9403
7383
7944
5253
11525
7573
769
4098
3679
5926
1018
6380
8834
2876
11857
27472
326
12759
36630
7392
12996
17955
12581
10877
24197
1574
2543
4507
11988
1198
42727
7749
8010
22039
61987
6497
24009
10924
10255
20735
12269
4393
26339
6507
7607
9013
5444
6686
16866
8964
81369
4285
63576
765
14560
17854
5629
6302
10768
2887
6618
11399
159029
2952
16067
3055
15156
21042
860
35497
18356
10342
6489
32015
6961
9966
410
3743
7551
17024
11960
13023
14289
5804
23793
13343
1691
1020
1211
5998
6157
6429
11121
31871
3594
77244
11411
5170
37972
34291
32671
13356
3563
4475
2458
3895
10308
11125
1425
37935
13280
1017
2943
20365
3009
7147
4844
27228
22516
25503
9868
13325
25930
10814
32288
26731
59739
14834
9509
23443
7556
13441
20434
13305
13671
23331
2609
5032
8023
9662
14226
22472
9830
10466
5971
14733
10254
10597
15417
4650
52519
33779
11861
17220
6756
86412
6937
40718
5914
12525
23197
13254
211614
46451
32290
9791
10641
12443
294
18794
78556
26227
5696
12929
10211
4635
48928
15797
10926
13822
848
68312
5292
26153
12348
19515
26472
6290
16916
22700
34547
13293
15463
39740
30129
11683
27680
37119
75626
10082
2179
28712
2945
6871
21998
44123
2150
3192
4066
21181
18160
48287
12863
10382
14704
6424
5819
27491
22241
3297
2696
58558
17539
7022
11062
40297
10849
24900
19186
21716
41545
5330
14908
25442
13556
2833
69505
22927
6246
20216
5575
45649
25257
41054
65903
5511
19115
34093
7762
23973
2267
25875
3733
7093
26644
6004
15407
68868
84441
10925
6726
7265
21003
21707
18468
26565
2126
88341
66034
41227
12406
16526
5304
28758
2218
29868
29976
34343
4941
13904
3445
11974
8685
21106
17461
57844
33153
47163
58549
26516
40852
3056
9943
20218
39202
67619
52696
169103
35793
24582
8065
64301
15530
9665
87805
1222
86249
72536
20479
68042
17471
85217
69388
36412
83295
65003
1381
6764
29541
17706
2803
35282
1701
59900
32284
33924
38021
2366
26008
15064
53966
4703
25665
5439
28528
27195
8003
92306
12966
41203
71140
19767
3473
21408
77505
29052
19753
32595
4308
1979
84226
70019
8822
9488
4861
50741
83901
40897
48841
43449
5870
41767
53732
46487
12683
76432
5676
52263
31393
7495
55548
64978
39155
19354
54217
16657
62736
36478
52556
42441
46141
30762
46490
22729
35477
62725
31538
185690
227911
17634
240713
41772
31022
18770
98682
99445
96348
97149
96902
103784
96264
96472
95765
96674
97561
95882
128347
103721
121601
101970
97496
98458
97440
98129
18050
99516
96024
96919
96017
99582
71163
35515
223007
51739
47367
70673
15110
81208
210563
94334
79609
817
32598
215696
15428
46018
11155
34844
59883
70444
49722
33433
43086
195080
14580
13127
26493
22238
33792
49305
78161
23086
46668
3481
11767
2114
12365
54778
15787
20386
24656
44121
6804
67100
49338
70702
53396
27258
25738
62872
7150
41441
35800
55558
37398
17049
69288
91563
83648
7904
36071
18647
1357
22222
37308
92561
13903
41713
36405
28552
6096
4193
6633
9571
7141
4671
10055
12604
9098
8647
5495
5882
82224
6297
5029
25516
12237
22671
19783
1262
967
48592
6090
4556
3457
3478
20889
4493
8630
6891
73
667
93606
337
2962
13766
8905
14116
6040
4139
38718
1889
2813
3376
10758
8177
759
3756
29542
3459
900
11198
4625
386
9251
316
1406
13854
1030
21604
1478
2255
2343
3906
10132
2790
1723
6759
11439
1208
1927
1060
6725
8618
4065
698
1557
92552
2275
6018
4165
50222
3470
323
3108
3114
29397
20257
27608
75136
3294
2693
5089
14250
1809
41750
1658
4125
7318
8556
2388
13914
596
24154
1110
4761
6320
2307
46792
4653
5715
6251
10665
1946
3354
7302
1814
3371
30776
33030
22076
2428
25204
2123
2374
1432
1858
6707
12180
7073
3090
32313
21119
11407
4880
1461
2483
3101
57442
8906
3874
2985
7633
4416
2984
13699
60122
14373
41378
16056
28407
5340
3960
4618
1787
41
35908
4478
3186
10269
14717
3683
1562
3289
5924
4788
4237
2319
3051
3140
3102
2135
523
3521
920
31311
16122
1877
3586
5167
786
2222
7289
640
28755
6982
70338
3740
76514
2918
7346
6391
27044
300
391
26162
15089
2231
4515
454
55274
6676
7920
1484
1402
2614
1848
12268
30867
6645
4406
68354
21452
25299
4911
30463
20667
64635
5252
3753
1436
4477
342
8636
9640
1170
5500
4562
856
8205
68163
10539
8759
34558
3773
4265
15662
1126
3511
14855
3063
7695
5281
4490
40101
47789
24354
13596
52954
8033
13042
5576
4967
8771
51319
1344
805
22009
1385
7334
4181
8132
47953
6505
1637
2306
3750
2836
1304
12732
559
77633
7766
4891
4192
5854
739
8662
59583
6572
15816
2404
1888
5708
2081
3213
9738
3878
2021
69441
8896
2559
15606
4924
6016
1231
5732
6237
8578
83871
4886
2957
14525
8432
298
70740
21124
25756
4177
2545
520
3394
3166
3798
4577
1916
6343
4483
1459
1452
28998
16793
3471
3082
923
13263
2794
5313
5395
3274
3436
4243
7258
4409
2500
1546
12515
82609
6287
28308
32338
8978
54
807
875
68767
9238
5302
6278
10836
4496
586
12480
400
1923
14861
28867
54084
6901
21473
33887
5394
2770
8343
2445
7620
330
7830
4939
2477
5820
6222
79778
2075
1290
2044
10984
2914
1243
2260
27600
28715
6907
20409
37734
6348
7629
5073
8020
43774
2070
1577
3516
10920
15248
22585
4244
13611
4922
14992
10930
52105
289
8863
11545
806
4434
5461
4841
10558
10845
8028
13205
3759
1829
6728
5426
4751
4725
5617
6617
4133
7136
23075
1650
18118
1981
2653
10123
1679
24668
23317
5772
8439
31144
2766
8772
23314
1593
1985
8427
8213
3542
5646
9363
9927
3701
45704
2912
936
48213
16912
3288
3967
5689
6739
322
1271
6977
4275
10377
8882
692
6070
2602
2029
6136
6926
12219
4918
15969
3712
1887
7990
40049
10094
26864
5902
6791
8751
3996
3309
3315
6811
32907
5154
7101
8770
2487
4108
27718
3870
10390
822
3905
1025
5527
1005
37775
1595
26322
12103
405
72181
10625
15796
11537
5888
8059
3566
1536
15937
2492
26259
11319
2977
1154
9085
1375
3502
12908
4774
4281
9082
11979
4054
4092
63110
4486
5639
3525
30773
2362
5216
7033
3745
4431
51031
5228
2515
13600
7123
12485
4667
4022
895
1676
2974
4559
5447
7193
26569
7072
5227
13868
5274
258
3442
82377
3730
11542
9703
48167
13677
87360
9674
3616
6353
5415
9163
1171
2665
4802
14623
5324
3621
4998
45543
1697
14166
5289
8341
7937
4833
11532
2532
4370
1242
19000
2226
18197
73234
13053
4805
5530
17546
2164
6900
1325
7526
19827
8516
11550
48401
3670
6720
9209
1112
13477
12263
17083
76802
2499
31789
1617
9637
5887
43314
1634
7338
7276
1942
2574
2507
505
37417
3033
2011
2674
34531
4252
11244
5954
10548
23037
10872
6121
2921
10485
10813
6166
17326
4897
26805
3325
12022
742
14103
12024
3618
16337
45943
10480
1925
12240
6141
2566
385
22936
3577
7515
939
12815
76925
14251
21472
73709
5653
9633
16336
2127
17314
5223
7494
22648
11504
31541
11396
663
1091
5418
9885
16905
4903
10993
7890
368
18082
9321
1597
4466
13329
25546
22958
3256
3095
6830
33984
2124
8228
9301
642
312
4094
5600
14107
7803
1409
9338
25774
15578
5106
49992
22327
14603
5976
13784
28606
15440
4144
1816
4091
24200
7604
5517
6851
9976
74055
3152
14260
7643
7645
11183
588
3096
15650
45397
5246
9186
911
15828
3805
5667
54057
6249
16562
4691
94307
32675
14783
29926
10524
88700
4619
2617
8318
10331
13365
2818
6311
8976
2131
28125
3284
3039
917
6060
3847
38325
2361
1748
5840
5335
29302
21144
18648
6020
43750
34422
13725
3451
14933
26591
18101
8581
11240
40179
14406
4973
10530
2091
1160
6045
24674
4313
6195
4840
8311
12570
6699
3549
25283
6250
4058
722
6473
8684
41020
1798
6588
20480
17919
14436
6027
1417
1002
7737
14791
16456
4777
8396
5346
8211
268
5068
5157
55120
12491
15775
16964
13026
36988
20253
2821
5903
11039
6007
5842
3984
19390
1642
20181
9896
2523
7650
10856
1551
6463
4101
11870
3703
6943
28142
3118
5787
13513
9351
8454
1774
3710
5344
10816
4748
11092
1212
7586
3439
15213
9176
95559
80347
53007
3070
19101
5713
7234
18432
9432
13569
6408
19039
4962
12247
11878
12748
5829
8497
92440
15623
2534
6741
11164
3065
8032
1850
2948
17789
3157
3053
16587
3017
2759
8668
14090
16171
24679
8661
1619
7393
13928
9828
27467
14730
5117
10951
1158
45811
35464
3221
13684
12669
4766
2216
11782
12391
16563
2184
1834
3464
14634
1307
4383
13103
1076
1334
6350
43765
27366
14067
94441
40956
28463
622
45643
22112
935
21680
1386
2579
67635
5245
9787
2383
33120
4543
17872
23838
6920
8615
20564
61932
26884
16300
7268
10431
6327
3902
66983
7993
302
1818
4528
8152
7376
5781
1090
7402
1640
25958
5970
9410
17720
28513
2953
5350
12662
47993
9686
63690
4678
18654
19074
719
7085
2978
13323
12659
56627
16219
11114
6454
1298
1821
1523
5462
3951
16134
10451
7285
573
1277
543
10419
2651
5484
17482
12339
12171
39788
15499
10970
7042
37753
32787
22341
1932
3069
16050
4089
17763
3184
6607
22513
10206
6492
58855
639
3662
26669
536
1401
17788
1043
714
4458
4710
36892
39240
76433
13081
9377
54874
18351
17172
20895
33060
21849
13057
2485
5328
5327
8521
2932
8340
1029
26079
12282
10708
5615
4929
5202
2743
21835
12680
7763
6171
55288
8397
43143
22887
12749
9468
6805
13901
59930
42103
13852
12333
8710
486
18890
2199
4042
17555
6761
3150
3681
1757
72444
35821
5911
9398
4306
1643
5210
44424
13201
18149
11671
35980
10442
12535
68434
18516
9842
993
22109
12258
12558
40337
9556
24146
10564
31952
11109
11791
651
25570
15834
8570
31959
43220
22000
4006
15078
77127
84772
42371
2439
4649
2734
38480
15271
1529
14542
22005
16155
18948
51790
32251
3072
2899
20331
19107
33286
22817
11153
12078
47260
7029
689
31090
5952
4900
23681
80018
1851
11692
10229
16021
598
47731
13660
49124
24366
1038
23535
3957
39752
49282
65269
13643
3827
21345
12850
21988
3663
459
19413
6079
3555
4874
528
1065
16970
72084
7371
2452
12355
58267
21145
2009
4000
17374
12306
2571
9471
8936
14400
33931
19251
22558
15050
23311
21700
50956
19927
17191
9194
30462
54771
5362
2036
25524
31665
45279
7106
11461
15501
12964
17261
11656
56246
12995
22868
1589
1692
27427
4519
1696
14586
4034
36940
754
9694
75740
22806
4199
3580
16295
50233
22036
3435
38406
12207
15175
23693
5925
3347
4196
3835
1287
450
2554
8873
7321
2215
32462
17388
32016
18383
3340
490
4100
12017
31520
24894
83513
65245
12877
61161
32373
10962
13957
35923
66905
27751
6889
17424
37726
40403
12977
8225
24919
34276
25720
10512
10459
6820
51376
32145
28970
21622
1355
60379
37404
11132
15589
4009
438
17614
29136
4356
7974
13071
20005
21748
26748
25168
55721
6738
75656
9184
2998
25265
8535
8800
64234
7667
13019
5855
78541
10842
94540
23764
36602
18459
21851
16976
12668
20329
18740
18057
13881
1305
80494
22544
13380
33037
7674
15944
9532
7283
18075
8444
29995
6437
17617
23810
36445
4312
37679
17708
81572
9144
55739
7923
14246
27692
22924
26583
43062
603
52487
22889
10646
4964
23927
3362
4591
4018
21018
2055
25133
30053
15664
31445
3237
2024
32889
22001
13542
22825
16168
22830
77615
11341
15361
17793
49516
10340
4517
4602
12463
4123
12943
9944
22802
2701
33283
1286
4184
75124
33791
46767
36234
11048
17287
9038
61499
66239
10325
3751
811
10807
27661
37481
46505
10633
26734
35604
10841
40199
9518
17415
2236
5255
5632
3629
34380
43679
10804
4121
25681
70892
7789
11361
205428
41575
721
13724
15843
9159
2615
40923
29850
64423
4952
1639
20615
34736
25162
81837
49325
64192
39257
38097
7179
28803
41955
8917
515
26487
46737
9063
42642
22863
61610
6553
16484
26561
39998
2898
3172
20970
29310
37405
42716
30155
70664
12904
10902
4233
53063
18483
3028
16163
43900
55941
59716
27224
11174
26756
7751
49422
94411
2869
18574
4102
1187
6008
10487
6858
51842
40328
19654
8034
83697
16672
16653
68657
24751
7956
14142
54383
8279
24724
60937
29270
9628
15177
2791
23164
2657
37555
18985
3180
93485
13665
21426
9928
12785
3402
9581
21078
13054
3474
55616
9751
38400
7853
15705
52920
15211
20827
34707
46303
11456
87342
27633
6160
14437
7121
9341
15365
16598
28457
40616
9962
39031
30098
5232
13862
18722
47988
75243
45289
17953
38843
26024
19298
84529
50147
4540
80965
41143
36348
61273
20815
76123
31672
22741
1342
19367
70110
22381
33468
25291
6947
21134
6563
14349
1672
9542
43374
56366
9611
29533
10942
93046
5466
2935
86844
59176
12189
49463
5437
12390
88664
6496
11301
31969
54341
27303
24123
48924
25476
88441
12676
12744
29989
7336
24793
50214
36023
67763
94512
222551
24374
27949
47977
90602
5002
75380
55176
9726
25108
33700
17621
35721
51544
12454
82072
48331
69090
42578
36007
41423
17796
53507
39997
33172
57135
37260
19261
37677
70676
14428
20052
63074
93195
62411
63799
10409
48199
7454
19573
66465
2498
40272
67330
18723
6309
66299
10231
27947
26168
9632
33088
16439
88409
70446
5677
76330
26857
23240
5310
7034
41085
4712
22468
40874
56067
11033
13083
32379
21244
65831
38822
10726
60856
14650
7689
21396
50490
15525
85871
50880
9920
5396
44077
177228
7255
19846
7492
41235
11986
25084
2248
6217
33117
43731
13825
42066
2840
2120
61682
37124
72311
89966
1631
17748
14108
15291
15099
16036
33805
37139
29647
48645
29854
42629
48409
45972
23705
21543
42370
13015
17413
31315
39823
28191
33963
16556
24780
24441
15322
13459
49864
2392
36087
28971
39488
59179
27445
90958
30786
172547
190632
17529
34072
40401
49180
41714
24924
15683
839
22347
75498
84794
52647
38867
35243
86048
8561
18594
51764
23133
59976
44104
74446
39181
49018
81267
27798
76288
29758
8069
28503
30486
39234
18607
45984
77109
42752
68097
60031
155963
4176
9922
70725
19666
12281
8582
33475
91303
82901
170454
86821
20854
68171
36092
87095
34449
3486
90459
32558
44642
39502
39531
39175
33170
51301
10772
84228
33464
22413
63250
31874
30016
63208
15288
64135
27853
41930
26622
27991
28741
19252
15707
38863
28197
41019
204449
25792
3628
19911
180359
183249
46119
161320
176567
19548
200868
173374
162728
8151
28205
162734
56496
18427
59540
97237
96719
95826
108829
102753
146794
126755
97913
96218
109185
96621
97240
95944
98277
98118
110334
110123
95793
108532
98653
96671
109129
97909
109212
99975
109015
103739
104902
108528
98144
97331
99499
96580
98261
108669
96336
129991
144227
96966
96003
97804
96656
97328
108706
96237
101624
96115
98645
101808
96759
107055
110240
109669
95933
119793
95982
97014
96790
110127
96747
105742
96347
95759
97444
96221
103890
103885
100755
108643
118956
95825
109726
97620
101589
97127
99925
112319
95865
101605
129837
96540
103843
96125
111767
41403
232178
32120
63362
26221
178269
16834
71246
16887
74752
80355
21120
14743
92968
28165
180165
196068
41154
32779
91080
51120
27716
176629
185798
12625
197369
51540
54280
73959
12181
179556
29899
233977
240460
63491
90721
29220
67222
85341
183818
29624
46540
28909
240577
201210
5082
197358
41778
47691
21576
15292
8485
198570
6549
25403
30795
48202
42887
53600
50191
9199
32710
4726
237831
7702
45145
2520
22575
27606
240935
197228
188268
226588
238175
55078
9865
64307
67351
3071
212166
186466
54271
29969
37131
6445
179545
201867
29536
19586
5543
91348
53193
27186
40883
34611
24159
183637
194518
19194
59186
15063
181946
50897
73815
8656
11486
389
2351
3434
35465
4297
28428
25668
16296
10032
5647
30542
12190
81010
74715
77999
83554
25290
8994
47688
10532
17902
85596
26958
26022
14773
95386
62377
14117
69315
50821
17425
1662
7407
15168
31364
74673
4063
36583
58384
61475
47193
25171
67334
10534
9827
34586
18311
16412
54712
89446
92927
13806
68230
14265
76640
7946
63398
156840
44699
74505
80172
38989
66753
92226
17695
6723
29664
29764
39132
39692
87941
24891
30373
26847
87151
17469
15310
39664
30506
18005
238453
14552
45483
18687
27054
36849
32607
60838
69749
95113
66350
14192
69685
28917
38896
62653
12684
33968
83119
51505
31179
14617
7143
31548
21080
9237
59963
32011
11113
34742
34578
34830
24544
49600
44219
33021
74945
31461
12777
27704
23680
7783
23845
34780
81288
70563
29691
66524
30308
20450
19490
19441
36142
13310
88086
46570
16975
81805
28393
23336
55559
11901
29371
41345
36201
31695
40099
18940
68111
18212
36780
15831
13963
78809
2232
3705
19103
83091
6478
65236
27712
19106
11651
20017
68421
50716
66533
73756
91557
42117
28177
54564
44669
19744
31341
12035
55903
17283
69526
38318
64498
70042
17392
13888
9838
4106
6577
18611
52903
22361
72240
4514
6086
23516
51393
28486
8941
32757
5587
7165
2119
3052
18983
5910
21662
10535
11026
5052
57589
31062
1733
22016
2902
15411
83241
832
18562
4182
10979
4744
1978
30651
3194
403
350
898
5132
78694
195327
4071
13573
11847
6392
18521
7869
10898
33635
22242
6206
347
2420
533
11481
2748
81520
1721
6009
4460
10277
20089
5409
65706
2926
10497
37158
7333
4257
8677
20877
9495
1891
24837
335
2251
2682
39945
63786
9191
1626
73219
1764
1742
5164
44572
301
2673
7694
44116
10315
14242
19025
53114
2332
78200
6064
9645
7246
2074
4117
38138
433
10734
37004
57542
5737
15790
25130
5578
3107
42771
1831
793
13787
43719
68126
336
5175
49370
1077
9411
13857
2506
6581
2911
38002
36527
15342
13652
9583
7260
50252
8914
5743
2496
4599
614
562
1021
1206
2732
17199
4448
6447
68632
18119
30821
7532
20167
14473
4077
81726
13171
5259
4320
4688
72645
3106
362
39968
5145
34107
1954
4620
12555
9496
2691
11149
9727
68626
6214
2410
4185
3497
489
6304
58807
3
1803
56761
26810
16738
1068
26900
5361
6642
5868
409
4673
157
6649
761
10867
6031
1022
10580
12975
52295
5268
38783
18492
19567
95582
5387
4037
1845
8308
21262
472
3559
1283
18463
14168
6241
3384
8094
2450
18850
1053
2731
4173
31509
9909
28739
20607
30394
4702
77869
23044
15355
5788
8206
10650
50415
8298
587
84550
15891
7503
12338
11959
21564
1670
14802
15018
4759
8934
2557
24634
13470
38980
6600
10661
2842
782
2936
5725
5546
6056
3200
2488
6715
1364
11252
3627
5039
2795
325
17181
166454
209813
12141
18002
918
15872
17062
1951
31626
1258
22085
18184
5119
4093
12211
53435
3492
1675
3146
1700
3035
15484
13984
5064
849
9979
2186
7398
6355
1532
3644
372
23402
13204
40276
2531
12640
2845
65885
14587
5748
16901
9698
7811
7683
26527
12055
38408
2195
83056
1846
7976
24094
5698
6306
17549
18085
41271
30948
2201
14195
4958
8071
1638
6561
11551
54871
54994
30318
44013
5097
8948
497
35178
25243
15609
4713
7125
20508
9262
48795
10058
58405
3081
4956
67929
90948
762
51673
11709
7320
2582
344
5947
981
40527
14807
394
7714
23238
1173
6763
7899
37457
15702
13000
3915
1335
2680
66636
882
7555
3388
10037
10302
80058
5849
4170
4397
10072
23619
9140
9434
18749
4588
2491
19081
14527
86891
67700
1303
35778
27544
3232
9455
17932
35780
15197
21848
3708
3718
3972
40139
4180
26621
6881
14556
45388
21239
20871
1121
6973
5158
2192
2612
7261
8872
39361
6228
5780
5284
887
7815
1749
32344
51556
4680
3947
541
4851
16798
30812
30885
55769
20477
7833
5502
31446
6697
2892
5319
13761
21966
7875
6113
16392
1035
841
7253
6398
1953
3410
32410
228474
5488
4363
48081
1576
4449
339
10311
89575
6803
40186
65765
27327
12452
61620
25885
815
2421
15480
14596
38067
8162
1058
34098
33277
6358
4722
1369
9376
4895
4946
5297
8239
10884
4954
52405
4454
5789
6323
7552
10275
2940
6974
16759
38033
25131
1702
3544
9913
56
10243
7230
1466
13746
12753
2472
14282
57712
5869
738
3766
778
3672
55027
2859
9514
4268
2182
2982
6351
5879
365
1440
9405
195885
13194
3676
5861
71750
46706
16754
66886
5260
39870
2561
890
9373
78322
10612
40699
1955
46671
13391
5121
74927
35623
64679
4273
7926
3127
38147
17399
23776
29919
20006
3820
604
4004
7210
473
542
12556
11434
15759
13272
9907
903
8386
2510
39103
15408
25322
15449
23233
34157
16247
12054
6787
4235
28887
8044
35787
11187
13981
3513
46957
3059
7191
4152
924
24527
3840
8359
12855
53354
14343
7696
2645
4611
5133
5963
9272
7131
6562
3023
4893
17216
3892
51060
6775
2113
16618
6535
50129
17931
21306
16165
53030
63353
9420
79604
9697
20302
29832
22234
6212
1349
10540
12671
9737
20764
6634
90174
17587
1354
19159
1665
263
6700
16366
5090
3043
50178
1275
402
2433
6826
2297
4362
7716
1446
14315
49878
4166
43303
77862
2787
47959
8599
11559
33669
17861
5251
20567
1138
2318
3728
2159
4158
4801
6280
4381
12619
16551
4378
64127
12633
18132
40933
6223
12086
3512
5243
6365
10582
3191
5467
7370
942
4473
15881
6324
4634
8097
9020
10169
905
13069
6625
10362
3561
7021
70918
5038
12313
5062
6149
633
3856
8754
2454
42140
6409
62441
65690
4942
8469
27084
15455
49651
2796
7839
8758
17096
2380
18485
7155
16871
13086
5238
32114
26650
41743
2359
54307
485
12275
18017
13006
11615
2046
6635
3648
994
6322
3568
3696
15215
5305
654
1864
15622
3135
2308
2944
11977
17122
5515
1314
686
16772
5955
10931
17241
1655
12160
39242
4175
64538
31530
50912
44258
20446
7644
10341
12397
3919
8725
14016
10130
3595
2172
12492
12830
10806
9423
1647
1543
5824
10679
1004
5326
5711
12553
7598
11278
5893
10022
6443
14382
8120
89314
7252
5134
4309
47307
32603
6439
1350
42905
16436
4482
5406
6644
8119
8892
1107
17965
5071
5491
4935
36760
75516
10392
6298
13369
25889
19872
10565
1489
1806
3113
68022
6526
2315
3727
10012
2677
4325
17313
880
72115
7245
3771
11920
2798
21628
23826
3405
68710
70556
14112
28185
19868
7251
17867
17644
3287
7199
3623
84209
14953
88274
70153
8611
4630
33667
8573
29745
7679
12842
18451
3243
6197
4283
6273
5930
10771
4128
4661
6349
25170
2763
9728
5226
5365
13996
12417
5355
20439
25825
28932
182181
2629
17150
47632
2482
9409
35657
76109
10212
13383
31351
4614
57713
8887
2700
7770
10027
4497
1535
74649
6836
41024
82168
6951
15318
4435
13258
1130
5692
1715
31270
16158
5799
14118
16145
6030
43058
8102
4314
5402
873
3462
8524
13267
3222
3655
8566
2895
3495
5981
9239
1882
5614
4501
24386
58922
5364
483
6966
10467
19646
22848
4873
10190
8602
3198
60612
14872
7461
14632
58278
58740
21189
29696
86064
31180
38061
5453
25289
37653
13646
1607
3653
12439
8808
21282
11250
3697
19954
15236
25210
14923
13274
37944
7796
6922
10159
1654
9712
3807
12076
1880
4031
547
15511
4204
15625
10579
624
4082
48804
558
6835
7168
12893
6807
9870
7303
6061
8693
10300
3372
12386
2548
22291
2316
12092
16378
2442
61037
54684
52155
9400
20514
9343
19312
3747
8735
5024
1673
84175
22302
4019
4120
25274
12502
602
15644
5275
896
77393
63192
949
10125
50901
9381
12133
3863
703
15594
29239
11071
89934
35920
9221
6133
10398
3949
11484
17878
8959
14503
5896
9333
5658
1966
58751
21107
18343
19226
6914
10379
8652
22091
6107
5028
10235
706
9919
1086
4927
14572
21186
9666
10542
15263
16682
93631
446
7652
20334
16744
2824
72123
4025
4060
881
10152
1095
3935
63180
29525
8007
8924
2497
3381
15889
2089
3959
45759
79342
2038
9586
82454
22095
11688
2771
25968
24088
8552
44564
7172
9839
13238
1274
10663
10629
1783
10345
25148
5833
8209
12698
18247
6962
3250
7975
3646
6450
4430
10544
355
2528
7322
1678
947
63016
14493
3603
1200
5589
14496
4797
1618
42525
13609
23779
13717
475
8471
43041
30909
7489
1085
10173
1045
43558
24118
11639
44486
4868
29112
38572
9732
55700
86173
36646
87796
5376
68572
3122
8385
25848
7368
8154
14625
7606
14380
15992
1515
1666
58136
20759
6260
3088
38378
7450
1509
14683
3494
24531
52390
12097
23615
20971
5147
32010
21642
50113
28336
94535
6941
2313
3806
13514
3482
3286
29464
9602
8953
13415
36076
3553
7731
26502
6052
4711
54419
26808
3956
4384
8173
10724
40548
8746
8623
3689
13636
609
789
78258
3535
12309
27477
11386
37460
10578
65585
42714
10209
13359
12847
28919
5457
55921
4697
4324
20250
11074
31788
32354
22580
20641
12889
8532
8355
21670
3938
49675
12606
5922
3430
10743
74946
15144
4617
12707
45542
70292
35172
4078
3955
3322
5752
6483
5054
14426
3529
4560
8586
23580
5016
12069
7166
4590
15917
3075
5015
6866
3813
16693
43788
5037
5499
6768
9018
8608
22006
855
11188
7087
6286
1810
1159
26525
901
8795
2370
6575
2878
23753
11801
14912
8009
1667
346
2006
32725
1234
1273
40588
11889
9087
14060
25898
442
6576
76849
2822
2333
79739
4056
27927
15176
531
1308
74675
63785
43441
123
14087
64146
8016
23290
683
19900
4866
23849
6406
58400
1217
16809
5602
36962
1015
22578
669
6879
46216
20306
10232
2823
5375
58514
6988
477
10660
5794
425
7345
9297
5745
23674
8826
14170
8379
908
26533
2521
940
8376
55273
12623
10562
19541
9391
64258
509
3736
26880
11491
13753
7154
1802
8591
4609
9328
6585
17970
11505
20394
17472
15967
20467
4160
1163
3203
1905
5368
32003
13992
15015
4534
34024
66394
10403
20413
5449
25459
16807
1240
24566
85365
12994
16626
4853
46374
5059
24053
91203
36237
33715
6777
2649
3154
23864
7117
4307
12638
4598
5171
783
11116
1182
7840
14661
21252
19086
46120
25903
23735
13173
27088
9324
6817
54463
8950
9897
3117
11330
72108
8842
10550
12572
16430
28259
4589
19221
16796
72296
3397
63261
9006
5101
552
69627
29211
3677
4839
15717
16808
926
10811
21955
14505
10326
468
371
19403
24303
11076
55158
7044
23168
14982
40561
22993
9041
4090
13395
28805
9933
12510
52816
49926
25832
3720
76698
12552
1689
25544
11002
18643
4881
4005
20465
56293
38807
18261
8796
2737
16150
7162
35846
6066
1268
30508
58629
55864
2925
2349
31088
6469
31302
5146
26852
49766
19310
12091
11673
9386
76225
74808
45031
4251
33388
15016
64958
39302
7241
3026
5982
9767
16350
8731
6994
29730
5460
34538
2793
4917
23095
27188
2294
51338
10115
70698
67022
28454
52017
27160
10065
49055
63829
1582
7027
7896
997
4829
5827
3272
564
37618
22629
6126
7854
17161
16620
20453
572
5524
9761
3514
19193
10747
11969
4487
693
21243
13190
2050
1526
11264
4013
5978
107
8977
5586
6523
22287
1221
23581
35472
18106
7250
444
10691
69475
13153
83849
63278
10095
8845
2058
26657
13167
30172
2288
36535
8969
25428
1370
10800
4796
60939
4396
69211
7350
4803
19028
7075
3584
9667
16471
28586
5045
9476
18078
2884
22431
510
64058
21400
1226
44119
14031
70864
5442
21993
5832
9173
8513
3777
4879
6611
6643
570
2781
10144
15784
10036
14338
8961
11338
11378
5001
6934
9101
42118
3920
30300
9724
4970
752
90796
29040
42929
22471
9451
63393
7806
42196
8727
38910
1587
12215
11023
22980
17501
35058
4472
3004
13234
13668
4119
5642
9599
32242
8610
9452
4864
44515
982
1190
33818
87312
58708
78398
179999
17465
22419
1341
8460
6569
4994
30150
12884
18617
19710
7277
10344
56855
11811
14051
91657
38356
5579
2630
5604
22510
8210
22786
12458
24330
19401
5675
93462
15299
28718
8733
22982
33292
1796
18710
52953
14993
31388
9817
47310
17857
5206
3480
42501
19881
5008
9688
11607
79852
14465
2010
9635
4211
5427
11331
6795
11279
5871
65832
1855
15929
16371
9327
10260
73470
4852
1300
9110
30874
35183
30912
38445
13094
14788
59214
1940
8794
4800
20022
589
27907
5019
6220
11135
10236
7157
16461
37799
10141
3990
12806
43645
17515
416
10598
6924
395
22524
2112
367
5975
16469
15146
3382
474
42229
6021
7202
27280
9393
59267
6411
11837
13068
77987
27782
18705
41916
1681
3921
9730
8979
8699
10289
15569
10329
7664
13756
14215
11413
19470
7902
1008
2155
2560
38187
23997
2467
13248
4537
657
24136
1896
5627
2475
15853
35895
18904
38049
8303
37700
24948
8805
49287
21869
19612
1958
17340
8850
7479
6199
16400
69961
88194
36166
21112
5668
3246
22257
69431
46369
17795
16691
8708
6456
6687
4122
37602
12901
3210
7300
8306
28404
20672
7063
13003
13437
8649
3202
8421
3558
12567
25434
77517
11136
14827
12539
7002
15849
19510
10776
6135
7832
6946
20661
87379
229528
4171
661
29369
8598
6895
1554
48959
13375
28530
6536
46927
5956
11339
10391
26067
8261
73516
16060
25432
32804
3788
9076
9575
7017
8190
8683
7436
23787
23270
8166
1601
27885
7842
5459
15394
39411
28400
11312
10614
10837
15425
35272
5194
4621
1082
87423
7628
11611
6127
2707
82510
6239
28334
71862
48500
13419
11148
5312
14208
39072
78082
16503
11137
39996
16144
1713
13412
11684
6965
27415
86778
1034
1720
37589
3791
25616
39824
5118
69180
4561
6629
9964
45569
49639
31172
30470
7455
7547
13218
17843
1770
24807
3721
6325
28254
3504
3589
49288
16184
28964
52340
54360
32088
5317
9367
12088
22684
922
22253
11906
10381
51401
3214
24797
64606
63520
6862
18614
17359
83201
69768
10978
68741
24151
9543
46332
2375
72697
5483
23925
19957
33301
42055
228393
43733
6114
30179
4945
3554
6511
5823
6747
13120
3447
10478
48636
46170
3799
15250
5190
451
23709
3929
8252
12168
1544
1471
42417
27632
7739
26068
5655
2597
30406
3804
4862
2059
13632
2774
3875
6745
3317
3945
6999
2686
16065
19334
11395
575
27737
3176
305
2141
2544
43522
28770
691
15584
13252
5433
44231
7624
79011
88870
4351
10108
18336
2257
16971
4701
3702
8013
43680
19969
4418
92550
20750
2344
4586
996
35584
4354
40507
13967
59234
8678
10696
8090
14354
9880
32969
34569
21139
23214
25004
12221
16593
11553
3954
7156
15010
12283
19603
46904
47111
28541
3499
11302
31337
46808
42597
69084
7096
10999
20629
27352
76498
11547
7026
5917
5264
25543
1784
8017
72091
34693
12340
32282
20442
35364
18826
60403
18578
35529
13709
40198
58694
10314
5195
13464
30238
35302
2197
22687
14581
9600
12004
3460
3626
495
6757
16929
10401
20730
8390
2194
1994
14789
6396
2143
3253
11004
57646
1624
8358
22633
46483
21711
11799
33686
223090
33250
7502
581
6331
18533
8646
3704
43856
24716
58720
7544
315
3501
1781
1347
15777
737
24095
35922
16140
9938
6376
14005
3032
22044
2812
10306
4130
620
10652
11291
2858
12495
5551
6669
4937
6985
17175
76877
16829
18674
35593
20188
34110
3128
1993
6730
73530
13108
5323
19423
20332
2156
93926
20619
75750
2992
7968
17885
40459
81673
14553
45680
35420
5611
11192
32119
31747
42344
13538
6989
1209
41275
5373
14328
5262
19459
1815
749
39438
43021
4255
34807
55552
5493
53105
30047
11024
9217
76765
9536
69064
1114
7741
13520
2841
6531
16915
48717
201475
7838
734
3814
24912
23456
14589
13187
36904
6041
45854
55664
11247
17375
5994
3391
36925
8019
30974
8462
9472
11246
2160
9190
10846
12224
95116
2662
7111
9997
5186
22405
8029
9192
1591
1736
10218
33673
45189
22749
3058
12858
6744
48551
19290
8319
30187
4637
17307
32925
45347
19474
29567
8433
75058
18801
5800
94415
30952
2738
13217
13390
23935
21227
7385
48569
20044
17110
87206
15743
12043
10711
43243
73555
24772
31790
18232
6313
20680
4896
6632
9084
5337
7807
4674
13518
8851
270
10934
56905
234
6564
5199
7888
2605
8888
19722
88655
22167
32471
13540
744
16049
7810
6269
10551
5684
2476
12090
724
13139
7792
18433
6381
13496
37441
21708
11488
10029
3946
5839
36597
798
2077
4345
13504
5701
544
10834
5065
27405
17967
117
17638
2846
418
956
8785
894
4440
3047
4161
4990
16546
1861
11693
35247
4505
2572
25020
6819
32608
30584
14386
245875
33831
10219
19212
11363
11119
61846
7935
600
47241
17752
4536
38169
14573
14402
8804
9906
37794
11909
938
32743
5599
44290
9774
14322
22355
36376
10182
25905
11812
5480
87608
9325
11948
51302
38528
18713
5560
4920
38489
20050
46982
47890
6717
4749
8868
9512
15781
10077
1580
62364
27406
47974
85621
2425
3981
21323
75878
9028
3335
89303
75335
28214
11606
88732
8299
13056
7205
8451
13982
8748
11348
15518
6905
16979
5717
24519
6012
50636
14504
36861
6402
3125
3602
3714
4752
1475
2285
7189
2905
8418
6906
3680
7326
16488
22591
22537
5898
2660
25464
16569
26001
16617
35454
9985
7995
9146
4064
3543
9290
1458
6560
8660
8491
9050
15546
14307
25472
10890
7592
1612
14870
10244
3896
12954
7062
14575
14608
70096
53226
10014
18007
2331
10721
12982
15119
4526
6832
29320
4902
448
6953
8922
5734
7505
11546
21690
9431
10577
3605
67983
18792
17697
4225
5381
12760
3694
15573
44993
8198
9467
8490
12503
1605
52575
26260
242128
801
33114
33606
60362
6639
2625
9215
21314
56276
6486
9261
8446
33564
14135
9108
10488
2082
32903
20165
16935
29735
12506
7247
1807
84934
15915
9114
26052
7465
9608
9154
87451
17800
12422
6134
13898
26788
15505
9412
53928
51486
18909
12420
78297
5559
7642
341
5843
7028
28562
10247
12307
20397
79652
32773
71624
16282
17278
7728
7597
1006
42301
12529
16022
45978
10674
3170
48855
77620
26754
8728
32924
38906
9136
34451
5886
42416
52197
3716
16245
13213
25175
6356
9070
21435
93803
35231
20238
10272
10116
5786
4303
10492
2719
66536
29785
21405
3219
7076
41997
7008
10618
15006
9428
4532
18326
11325
6487
83519
1620
11957
14281
48818
1686
16276
3393
3925
4217
14978
25339
8398
5111
9283
52662
13560
25779
2464
33160
90274
36196
8046
15382
5768
16104
14452
5423
75054
24102
9253
31833
44675
9242
1073
70513
53458
2744
18280
9417
2034
8472
10185
5637
11670
34929
12400
47639
32974
12905
61650
62727
21864
22779
20529
88816
23396
62494
18854
5876
36335
20280
80479
17723
26777
76389
37529
55362
12527
12805
11587
27572
8137
8334
83553
2586
9956
12523
18211
4284
9734
18937
11058
3258
25147
10723
33303
3049
19364
8078
10779
2121
757
16876
3278
8330
10666
6925
23173
8640
2019
25710
6849
10368
5102
16602
3404
2549
818
21917
11518
12571
4342
14826
26002
8938
2274
1541
85267
15048
14890
29155
4489
57867
796
8871
7462
2093
9823
43540
3993
571
11900
36712
23451
13587
3187
3120
33356
16941
5225
6330
9276
8827
16442
56559
48604
37539
12082
3976
90484
17156
7560
27325
6202
28426
1685
2312
18685
4987
33671
8217
5112
89818
29609
17550
34134
24342
1635
90048
7082
17450
24004
26849
14003
2864
50986
42757
24647
5979
28449
14327
87600
65205
10615
4608
14696
31686
6339
32971
8825
79242
39249
42236
26350
7978
26157
2594
10366
18172
2187
4046
34243
48913
5314
35451
9310
13162
25561
31439
8843
46731
49608
70944
15462
823
9353
35108
2328
15435
37429
59865
31409
10365
30390
27731
23970
20004
44654
53792
10452
13092
17975
11292
12244
12200
7410
72725
5721
19825
1297
5357
22099
15754
9422
34131
12784
13661
25417
15878
26096
29080
15979
3078
19591
18089
1213
20488
8597
6545
4642
6130
80861
18009
1564
7892
6875
13863
18856
707
1135
13932
25899
27905
4542
29123
1457
10621
6520
11902
19421
15780
28246
64855
8417
4627
6722
13626
13222
61369
8551
30310
4652
576
15838
22218
11652
14593
30844
14689
3199
10832
12021
17668
14706
5091
8704
10418
13837
6258
53254
15262
60703
21427
10213
4335
11400
14074
1728
20538
21406
518
12433
14913
22892
9569
53303
1789
44558
1804
36044
22474
4607
12250
19008
20459
6452
30366
18979
14009
15226
1435
73846
12006
22914
41066
8122
18986
51570
19344
11998
20367
3744
3001
23525
49620
12610
16142
56397
13097
224612
9469
42325
19248
525
21215
4292
12497
12287
11689
4279
13653
15752
24713
33733
68386
62607
19848
26831
14129
1563
6386
20974
16376
60924
18831
5758
15739
6092
20319
28009
77586
4086
30360
2367
8536
83868
7262
20422
27510
1229
8087
244191
19196
201343
8555
25292
20855
18641
3839
20102
7960
224888
50622
18989
33377
1874
14715
31419
72773
10808
20770
25659
25119
8002
35981
15510
4441
1449
71653
5865
11383
1693
7329
10662
12906
7883
17809
78803
5822
40153
14159
29064
4329
2829
32445
3044
5181
84072
12557
11807
959
14781
8236
8165
8074
51204
24006
13209
26539
10592
3667
9831
9937
3092
10796
13663
18531
4818
5070
5197
58766
61911
52877
11425
92164
56485
15827
4036
9646
26750
3953
82637
87819
25658
34003
2746
58616
54817
38155
32457
24061
1841
4810
4714
28410
2671
840
14258
70266
1531
77391
12505
10938
11669
15198
62639
12437
16075
41902
35242
2870
9453
7038
62024
41604
2041
39289
24542
17607
53038
33579
4420
55551
10843
24752
5987
35221
36546
35475
83617
9187
1854
15556
46227
225857
2786
12695
222
172
16676
3583
29607
9257
6799
13004
14813
708
11528
7309
4603
19260
15339
384
5742
10287
7244
7003
6295
13468
18194
10744
23023
20906
18788
4860
9788
9889
2329
12230
1227
479
24669
60690
13439
2631
4246
3572
91251
20359
5331
13759
15899
4694
3809
16508
904
11096
12587
13185
27747
8557
2973
7898
3725
52215
10207
37198
76793
8526
30663
25513
704
1134
14194
1732
10479
8473
30401
5634
15700
30202
5187
18708
2513
1162
3228
7284
69473
4304
810
9679
9478
13866
33196
18910
86518
22872
10031
12366
15688
23244
57003
9607
7601
787
3244
38930
5609
28360
24092
27741
7056
11498
3858
19763
19936
11879
8560
2966
9529
22512
38430
3793
8563
15679
45938
53385
419
5948
9742
56909
2809
3216
13183
16201
25752
229337
55943
9418
67017
61267
41816
20868
11534
5200
47861
16794
2742
74995
5628
1743
30719
27625
33324
21025
2646
24854
13050
17608
5778
31085
17768
2987
4916
87682
3337
93
64798
6154
27894
13483
68502
22928
35577
43169
32895
10103
82526
14526
14124
13457
12208
52967
10384
16490
10350
63718
19682
10795
30231
32713
52213
5503
10372
8130
17899
15814
7866
23010
84008
2435
9731
36180
64021
79790
29435
6539
10240
21532
404
7090
2626
14519
58918
19410
62316
10406
19185
64915
66244
40876
24604
4043
82207
11616
26842
7354
69385
3037
22003
238
10778
10953
6124
10695
12961
13674
13295
8145
8902
2854
17249
3062
15641
20604
43038
9982
2783
4226
8632
24848
5601
6426
14018
11415
3914
6440
11543
4003
7745
13550
87567
11961
9189
51623
5751
7384
15083
7004
22778
6968
80885
11792
7786
2724
26679
4439
30111
21339
1295
10949
18069
35185
2991
10607
4781
5354
28905
5705
6337
13281
6521
5486
2924
24528
14037
2699
3818
23014
79710
24356
17637
5651
6265
2088
68412
8983
9112
13362
86794
9169
9483
24795
9947
5399
13255
9766
19454
2327
28058
25919
7776
4044
5445
6574
18867
10620
19845
7099
51179
4660
8502
15324
9523
51194
9368
11563
15364
7894
1519
2320
6103
9893
9539
20771
39214
6097
26895
1371
7091
15866
5332
14408
64990
14079
22962
53729
12711
41701
92447
1367
59733
6662
7913
13486
22396
7687
14174
6584
19269
12917
13161
1014
356
10404
51952
62460
15823
88716
11602
1454
5597
12375
52563
2185
17149
771
7426
31878
20620
27808
1615
5864
5522
16491
6383
1100
13142
11804
50078
55020
8847
21819
7186
7483
9202
9786
645
5518
59132
22655
18193
69669
8307
3522
13038
13168
29104
22152
15178
55658
2568
41724
40916
22262
435
42519
1052
17852
24681
37673
13211
29615
20059
19552
79699
4052
9503
61530
31902
8476
74431
4974
11452
5212
14541
15105
50973
8495
17120
51216
79100
64203
1646
72757
3145
10258
50975
33086
21816
13145
6915
25284
4565
12931
10015
25729
11140
18452
11064
44978
89441
412
4707
40332
16845
2280
22469
71998
3796
25627
31882
34474
11786
16311
8123
31920
379
14576
88476
13196
38167
9392
9124
20600
48925
28600
19920
16568
20158
19822
27754
39464
30746
83761
3507
26498
10330
7744
64661
12741
58433
21649
24868
19129
40819
60470
12101
28610
87330
1246
18301
25255
7041
10502
87547
9918
4045
9657
13797
18347
15618
1311
16529
14836
3723
12880
66336
13773
49520
2174
13749
88540
42615
1722
5506
44952
2148
4670
86511
5348
57063
15446
7415
32631
55175
43660
14822
46806
31942
8107
17114
7187
1730
32303
18895
35751
21108
8373
12322
44125
37556
1026
47481
9344
10415
33204
58651
1762
40982
38658
15321
20049
3641
33382
5803
17218
1741
16674
12005
3726
12726
19089
10226
22903
43481
17044
90563
36249
7148
37107
41882
20460
39776
29786
175762
6698
41944
63008
10705
28676
38523
40420
1109
2850
32954
14980
69033
75461
55786
8338
6488
248045
13394
31826
10400
10425
12389
5192
30364
7016
55101
41480
6253
2198
17751
9585
11765
49291
43016
9293
9749
11046
6969
45605
44066
2133
11212
23744
8530
21638
7484
54111
3378
44103
19135
29031
7542
33787
21657
9427
4375
53946
32943
6177
23012
34682
15452
42750
34122
35784
13073
52828
16302
41836
70205
17210
166
5042
66242
73892
2835
18305
14012
4327
76081
7190
28140
14611
24733
2632
8378
7459
9155
3302
6716
2573
22166
16923
4471
8833
32878
9977
25044
3099
5826
11832
5830
14973
26398
6945
8075
6125
943
7176
37689
5532
11955
8466
6470
18195
12167
12379
12849
6596
9721
7463
10897
563
10279
15230
18864
2619
9845
4552
2325
3755
22315
3669
2341
4290
19835
5894
10686
19798
13594
7715
18425
4026
21479
8042
26554
6001
800
2210
16421
8498
10424
2989
4887
3267
5096
3360
21019
1219
41814
18023
1266
2266
29689
30882
6868
6234
20447
11241
8689
55441
9882
5880
893
29820
61405
19111
26141
2224
17128
11733
5076
4502
41560
9590
30546
39250
13460
8507
35124
34543
13804
53146
1525
8614
17268
6333
46773
16899
3598
64157
37056
22676
10853
71053
4989
74959
70975
1945
5550
36521
58581
28348
20335
10128
4551
7772
9197
9141
34755
13933
10339
8901
22246
5534
10923
36268
2263
2145
40253
39774
35560
2976
71309
11665
28815
5612
19517
71316
67752
2085
39330
22527
58449
36118
7794
77107
14629
3661
39539
23129
24050
71483
40295
43342
50352
5371
10553
9247
674
671
79446
1625
54350
19402
13605
24596
23424
19300
8316
23909
9125
68430
9255
32835
21579
1828
7878
6184
8179
5152
17253
25218
28459
14045
17930
10901
33532
8092
25062
9385
19143
12566
21811
69832
13755
12867
33822
4249
84239
22375
39380
9740
4553
17126
54170
58844
12776
3332
5254
9309
5271
89923
71133
84637
47548
69843
1938
12423
4210
10156
5836
12813
14605
1237
9805
24077
7102
93144
30156
30561
12278
246811
12647
16138
77098
28936
43601
37485
92832
17942
11043
3013
30798
21827
9463
17240
12682
41504
1235
18003
12803
24577
8779
19020
20846
282
17602
30623
4842
19720
20869
11038
9711
39721
11851
29997
8765
21278
19220
27460
15895
31988
34482
5367
13308
79625
5374
14884
4330
17075
19263
26140
60162
79245
14688
10680
16233
18471
30717
48297
4610
3234
69296
10729
36786
4643
17271
22428
6059
30379
21419
17973
20616
52318
36516
4776
23235
11876
60414
22518
31153
859
23223
360
10476
60018
21443
1875
10471
16698
34415
48865
10298
32439
57081
3803
5339
26137
4099
18322
5706
6714
7662
26193
11596
17432
76017
8815
12846
17058
3193
11248
14801
24016
4357
11886
4331
6213
61429
62943
14156
21719
6979
10463
29199
23304
6420
5372
13235
26302
28474
16357
9019
555
31466
49010
15076
14230
31258
4062
21968
59886
26089
7594
9561
14211
19231
2466
17187
8194
32170
7020
2376
2601
254
9378
5498
4361
1962
41855
37237
13865
55933
11848
8883
11205
14212
48017
36684
15680
24038
6683
18726
24062
1175
11690
2384
27824
3336
22651
2368
58186
32836
12840
24834
12031
11166
19595
16996
1476
14829
2530
41535
22846
9170
7421
33009
56048
69542
11172
44776
37887
8881
13416
95254
8637
36272
27765
25826
62019
63425
41801
6873
17642
14710
14336
9605
36497
3757
37463
53914
19978
2915
11322
39637
33741
2350
5315
57099
26510
14984
22426
14898
15972
23816
7987
79148
6248
12056
16315
2627
14205
11057
15803
17009
23302
40373
18369
9444
15039
53402
12041
49458
25519
16025
24039
60885
7431
17295
40482
7793
29893
73583
19565
18684
21370
10643
227613
10976
55958
14691
9704
22430
22442
2524
38361
2116
7249
53027
5672
1583
23611
16679
5605
46547
20380
16359
53650
13892
24554
41780
1533
28122
56370
26519
19142
31701
14255
26939
21639
86623
33810
15528
8022
8053
3719
20065
2106
4189
3615
60757
29714
12787
15614
36364
34371
32453
48370
17803
64262
27449
10741
38276
15765
751
16545
29395
94171
18379
24953
22649
67054
22555
21934
21245
31301
15577
29158
4156
21738
26407
13860
9858
54953
17641
92732
41433
6434
61538
19992
58660
58934
2929
36695
2832
7290
7756
9039
33883
7677
9278
23198
3241
22661
8392
6816
24575
69515
21471
21761
43339
42598
35169
4826
61209
33664
5072
34952
57068
19463
36746
4229
5428
22116
21629
11229
1838
22066
28476
21541
6198
14664
12083
1849
88193
2604
3515
46732
6514
3636
1811
66576
7104
75649
4716
36577
5558
73213
2206
2741
25331
5697
66885
8136
72550
25609
27841
3510
19639
3531
10757
2447
36016
25868
63611
68252
74455
26209
41191
55665
7506
37458
23021
51733
158
17538
12559
4736
55104
20370
36464
16252
7116
17523
23258
5285
28450
24794
14097
9366
41627
24460
11147
13973
85776
18410
10394
19398
10357
15132
7308
3449
70515
5673
16890
10761
20243
2683
23893
7553
5115
4274
10950
11204
24535
5564
3276
55778
31656
7297
3715
3446
3273
9663
14928
7945
62462
29139
4391
65363
21621
6131
36438
37467
13049
8680
18597
7445
5730
11895
77544
10002
14897
6334
4232
23758
54422
14210
41951
28306
39150
11469
29473
59566
14292
9699
35146
17004
19375
32563
69812
3666
90683
18037
14569
87520
47383
5160
19424
75843
28742
6319
22613
64595
48475
10310
93735
49068
84040
31097
36931
47900
59204
54247
79584
12844
36749
47849
7500
8442
16839
20980
2896
12576
56014
25273
13864
39778
63548
23884
29794
47722
44283
48945
1604
2140
34620
2635
15548
39962
13572
19521
110
169822
67088
58888
25142
4422
47402
30006
43727
36610
12775
14574
21854
7569
14885
17606
42237
2569
9722
5691
7059
11815
19729
25215
41280
11218
17102
12771
7566
4131
11946
13322
14943
10521
8509
1365
15579
57739
5951
3242
6415
51012
40523
5562
7619
40352
63297
30319
5183
1820
12436
9227
6784
9969
4912
1900
25807
14979
2167
6992
1777
29887
11086
909
7070
22756
14429
10184
4808
10286
6054
14378
34395
53672
3131
10155
3593
30755
42360
8940
4858
75336
16229
4884
32368
47334
4084
9178
3928
13398
24526
1140
6705
15346
13001
14718
2965
11746
3420
30787
33093
1081
4834
18880
237
1552
40503
13202
6824
643
35716
8481
11000
23856
7678
25705
7139
6829
7440
10709
31629
3124
10205
26907
39286
60004
5353
12737
7112
29471
15491
49211
11329
25379
84130
4168
76880
6568
35655
2173
8492
20031
21979
3930
17573
46847
28136
8973
11640
34293
15429
5583
49120
19630
10299
39540
8222
3924
46916
16478
9372
7088
15400
2764
13521
1363
17380
50580
9129
21001
28000
5544
30576
16522
9627
2817
8072
35344
6244
34005
50809
38892
6667
15846
17582
28751
5084
6515
21858
75327
78923
16823
8337
12018
41244
12520
28700
13878
22344
41293
19873
29672
14685
29851
19314
22153
10515
20728
15221
31168
965
8389
50201
15340
41563
15347
80527
7570
6151
27793
26917
34674
54397
8616
73117
75458
83562
6978
10336
7174
5946
48675
66945
50297
4076
18545
27424
11414
47149
17696
37263
32555
11510
26878
22885
42012
11827
3900
27965
31781
2012
17448
41805
38331
16984
15615
12811
65763
19570
23967
3179
31318
11873
9460
68639
11360
20875
35027
21442
10089
4775
13745
19859
10749
9622
3279
8149
18284
59128
20104
2408
22319
17994
13950
49380
7587
32591
7558
8589
35125
80960
15113
14347
1712
9362
2068
45462
10445
6336
90641
53851
46210
46316
9557
5659
42728
88943
44665
22342
15096
11949
33593
89862
6146
11881
79185
6952
25095
10684
18543
186762
82999
30091
23425
4069
12448
33354
62512
23323
10702
8625
91614
30571
12626
53824
17455
32428
27293
14883
24513
21327
48794
15646
24376
23101
20396
68925
4727
26666
41813
14148
31575
39180
26094
241
111
50701
2495
39082
46417
89958
186427
184676
31532
156333
149877
68245
59367
33129
38038
6416
22921
19122
11750
11313
36150
11340
8511
18627
12816
12955
27858
4682
34875
12037
13484
53661
17209
31723
16383
3060
33612
60172
39213
17030
17832
17264
26899
25556
13783
3240
16502
42903
19448
9481
44670
25822
38237
20794
10932
30477
5618
12573
452
17509
14185
16988
2692
13122
17898
9908
13876
55173
23194
29643
83045
540
19278
18092
28328
7712
95097
13177
5061
48321
8809
9671
10106
55666
14314
14390
27986
27710
18200
23294
7128
13891
28776
27219
27509
12345
6379
14367
9963
10785
208890
19577
6472
75364
85735
18011
50076
40489
4115
16099
66158
21334
4142
20645
3212
9853
24238
1936
14674
30676
91492
30367
14218
10110
25858
20457
15210
17496
57678
28689
58025
3560
91271
1943
11324
24180
10151
37257
31142
49379
2373
44331
2022
20789
7912
10321
11129
24231
21209
14213
2956
45369
25368
16880
17531
29404
5456
4593
12450
6332
8106
17933
2694
20782
65400
32947
24608
73969
1101
30876
3713
79315
1867
9565
779
19003
74443
5031
1388
24220
26768
7930
20994
37382
10239
12177
9871
11308
11277
4571
4494
14554
22459
52489
34848
41609
7470
3432
26595
3195
21312
35538
14748
11823
7865
7784
1340
46209
42655
11697
15170
8613
25224
36971
23167
88252
35174
8057
8782
15127
20186
13413
13239
19449
79223
18320
7634
23136
3899
84174
10810
31255
11040
21762
2287
3379
14857
14046
14442
28849
14563
17628
8443
20112
8274
4521
4209
12636
48879
35530
74399
21254
34463
20159
28699
39686
3077
23312
18021
16465
11385
59187
89155
2109
10919
10875
25924
19157
8807
33002
39235
23211
19406
16570
21664
25882
82734
47771
10503
8322
17978
37229
2669
19874
24876
22690
33711
11795
21484
36113
55618
45054
1264
4124
19056
22108
54109
8103
5383
19168
56507
72525
30955
18387
22918
238813
60163
10720
16728
2647
24424
22735
15920
3974
8134
27447
10716
10307
38095
24125
10765
10498
8220
4464
8862
57182
17489
22284
29398
3115
19674
31066
44983
12603
31593
206813
198075
215159
36437
12845
2745
24529
84322
21138
16511
358
32383
11366
8806
17736
57732
9244
3319
40995
59806
26305
56425
5369
27390
2418
38981
8995
7520
28280
9835
40324
39647
90586
34126
19808
13969
13043
16000
12473
64390
23996
49351
1413
6047
46379
42384
29203
1594
225322
20352
14656
13128
6459
25280
42960
13818
24165
47527
16665
37739
9284
27376
32437
25849
13628
24389
12321
15485
24138
3761
37942
12227
12750
26534
26263
18626
43451
36416
13879
7047
6990
12501
23045
88814
24556
11810
18091
33866
16308
41510
31402
14938
3110
750
13870
11429
21192
14061
78242
56348
73129
15203
12347
24699
17177
95576
71285
30263
35150
12856
18682
31603
2760
9150
42484
22811
19980
40791
59271
55603
13425
11779
84793
58076
32582
10208
77666
12828
60793
9781
12052
35016
24194
32829
14287
5883
88592
17765
3977
15678
187183
9358
22963
10782
82776
930
61403
12807
68539
9615
7787
11297
4315
186301
12933
15519
82198
37811
8897
15056
5776
12665
15234
32826
25821
53540
5593
38284
26344
6293
38854
22763
13453
45708
59941
36913
16517
3982
42765
22176
16170
51782
210554
6156
23146
48995
24714
36346
44492
68338
32783
22478
66491
72949
15956
27794
2033
912
33746
80542
49102
49346
35461
8095
13548
78557
30386
45623
49488
33697
62910
5407
67235
29386
31784
14648
4341
11267
50752
74381
50933
21236
13059
6995
17525
8328
12343
2688
34062
2134
47096
3291
75593
78148
59637
33922
41618
27365
17269
43120
12621
19652
6062
11118
3024
4338
20668
12755
4262
7545
45096
2816
3041
12337
10672
18769
16243
85728
20593
80993
4035
11276
60448
15135
24536
14435
95124
91247
11079
5733
5895
568
2969
18633
6419
21901
13945
21260
4451
12524
42107
7625
3015
2578
19044
59557
62579
20260
175941
10817
58183
80900
6081
14064
71354
9109
4178
33413
14069
21096
94338
76342
13259
8245
11306
26724
28219
23637
10324
54929
2563
13884
14626
1859
61966
16884
16261
16523
2540
14065
8221
8393
24112
29531
20635
91132
27313
9754
19794
10313
26488
72735
59632
14239
94190
35988
14026
79220
9758
39364
31100
28627
25427
9012
13286
31092
14637
6641
49008
8474
28340
15604
48507
31489
36924
16800
64312
13673
82105
5674
27795
8068
65529
44673
69267
184883
92429
10472
89008
4985
11644
68964
26299
4336
27976
23922
20800
36496
5661
51422
4055
49465
42414
25395
52759
37986
1835
2432
9314
23825
47948
36182
62885
63368
26715
25146
25429
25455
77312
4968
248046
13929
10746
26954
3414
33070
17679
22024
31084
59670
31436
29958
22283
53405
9375
72154
36015
24461
4059
74814
15692
35707
29202
11883
19583
17534
26041
23559
15704
53573
39314
5177
6036
70307
42614
9093
19473
9336
33179
47634
29587
85612
32129
8157
14606
60026
5404
21631
69063
2323
3380
8363
77719
18036
218940
94145
88610
3139
32983
47248
3927
14794
5860
79526
15581
13165
18488
13301
17880
4443
22470
12421
25857
19120
35940
1975
3126
8347
62691
46137
19464
24173
55267
20882
58377
5523
55411
16615
22713
14851
74179
3343
77150
84612
13384
35319
33702
12895
24442
5608
4792
39270
63605
4151
3312
24193
2855
27651
590
8218
66325
16558
29293
12789
83855
68783
30183
4539
82644
7460
14678
9753
35962
32144
20232
39701
95373
10693
5221
37954
27354
11207
20063
21694
25863
8489
7637
120
253
31443
62078
6760
19125
61574
15571
14821
14630
5834
14053
24443
675
3268
3503
20169
3534
3575
12639
4499
94450
15749
10291
20624
33829
35845
31233
10895
5638
11300
32328
20858
3155
18290
726
24223
18652
81491
11653
82501
31565
28392
35704
13249
3639
9103
24785
8153
6546
7419
18869
11223
9214
7435
3978
91035
20073
17548
10636
21220
14095
9949
28950
33993
5891
16501
2338
21482
70217
717
17292
19267
14590
23598
8366
77104
1592
11496
5686
24028
65041
9888
20069
1908
26211
29454
27551
19072
19949
25547
12899
22983
22724
30725
7474
377
8952
2792
12197
19222
27984
50714
45899
11421
19337
3091
7777
15329
16045
29663
26334
812
10137
11008
10016
17265
6453
27700
4310
35679
8884
10736
5690
8831
11352
23213
19787
6525
19024
24272
9259
12910
732
2311
43801
1482
7929
5136
60735
9971
16724
20135
12131
22440
27433
6612
12331
1632
38079
18352
9940
26098
5478
44228
60601
4863
1825
7941
16764
10264
50186
23778
2879
16477
91342
29440
6405
18170
35765
8030
47755
20683
8984
8933
68914
12424
3926
9067
49264
1793
18513
12876
20708
19478
14531
9750
41793
17334
19834
63649
16352
22235
64952
38127
51372
3637
8395
51525
15384
9008
1050
35088
5263
5619
19359
14335
87160
55503
5545
34313
35274
35555
8644
7557
5685
36737
78290
62332
753
13223
27126
2480
16432
8997
20274
4771
31764
731
7939
9032
10754
11958
42658
19095
73602
13061
17590
33797
14039
10088
10505
11409
25890
65081
34494
32641
41009
25770
69518
45573
19197
3094
3208
24974
46855
11783
61889
24973
3476
19315
9286
7568
7449
17510
42268
6902
57670
11167
42275
16492
8199
10494
10434
30927
38641
26624
22759
38958
77157
20952
7660
194449
22897
2860
14535
5953
48119
3283
14687
56376
26612
41984
14976
5184
87117
7900
6481
189551
29096
17655
7469
80313
22070
76358
17884
42793
8839
65625
38838
41304
22439
51976
2705
44810
65711
71471
14214
37094
10840
3864
15815
5342
7387
76939
64042
45918
41834
9987
36397
20729
37309
5378
6802
52782
1812
9729
8196
60190
22791
4334
27910
10968
20034
15109
70697
19659
62501
12678
22128
1421
4692
15349
22517
38606
28001
17167
35358
31606
67850
3860
68463
8592
15390
53277
18863
27281
8158
11836
47461
77089
2434
70818
26084
5702
4555
71516
7907
67649
51515
6173
60861
16775
27821
18405
12875
20123
7821
8756
9669
20940
49054
19912
15720
88362
5051
5991
16924
11882
76018
9097
42880
84069
29879
27623
10378
35409
9369
24746
34164
28156
89892
3654
22998
16705
32744
13180
31505
15376
26359
13927
25961
25716
25338
79657
4890
1448
65592
17118
42557
10763
87229
5013
79021
23141
28496
21880
38786
3997
17376
37561
13082
11875
12317
22142
25662
6751
26242
52123
39071
3375
22666
36688
56193
55925
27522
24201
68458
4695
29026
5590
23498
3006
13216
28649
48072
5334
91314
20531
15402
25781
24337
42380
7032
7635
66391
28382
7596
17470
1195
45591
21666
7424
12938
14905
43675
20769
24255
40124
16631
47866
51774
19130
58945
95410
48672
49801
29584
46884
17566
39506
21152
21825
68802
4677
49213
37716
65425
35692
13545
33524
56749
24952
19153
50291
79046
3684
22475
17860
29986
39930
38390
8553
44844
42000
33074
93447
65103
6457
11521
16001
31307
85703
47165
10852
45670
29193
32017
317
137
122
95744
48965
62693
16946
13166
74042
66870
12672
23282
37365
40111
52181
65180
1269
16061
192638
38144
34427
10047
32990
20631
25193
34441
24765
33094
11482
5411
13312
8216
14276
17622
33559
22865
49988
8036
21957
12705
13282
62168
7753
441
26170
17157
11774
34565
8639
14972
22891
7508
10752
13893
8464
47891
8992
22049
16870
16753
41500
13666
11694
54756
23756
13366
13604
17892
45002
12444
4400
75724
23683
43996
26931
16327
52883
23697
20166
8008
17020
21948
1447
15200
7915
18248
13253
5606
2154
56460
7884
7094
11145
3277
49436
24249
41699
34772
46398
25525
3909
15515
12253
17440
40727
16779
18158
15959
13260
40672
52490
12050
23860
12483
8577
16051
8601
24665
11269
33622
13987
3083
11983
70215
86644
43729
9040
25744
29638
16091
50976
9134
10046
24987
41046
68034
14762
26308
31923
85443
71036
2169
92916
17323
67574
36763
8259
19204
8266
15403
10781
18922
78020
64358
4299
26370
64688
8811
7795
17000
49078
3854
90150
18698
20818
91294
18255
15108
5572
32248
17070
26418
8005
1656
36590
15811
58279
10963
15142
13338
10669
4564
22799
18266
61300
1800
1374
7852
27626
1012
29281
43295
70514
42628
2891
3604
20922
19146
30788
10105
47158
35742
16913
17300
14448
18884
21217
77890
40014
9910
39003
41536
10426
8501
20660
9777
1539
15626
12909
27469
71318
19898
2820
36665
87809
23679
18898
37804
23792
94160
21692
13077
21610
29465
1996
18448
3301
1487
38302
50105
63903
37062
79477
59584
5656
18060
20128
3257
74208
28203
5746
17508
35796
11334
6204
68211
17631
69905
1418
5464
59815
30284
44177
20675
5287
35251
54312
7529
42898
35374
511
17773
8405
24495
21546
38874
3156
9733
6853
16661
45239
534
10894
21207
5716
702
34036
29750
43778
86157
22663
16761
20913
51917
26243
9104
19158
43592
25341
58814
2356
27902
20788
26635
24119
17447
65616
21875
77726
14293
16909
28639
14387
11362
37569
29460
15164
28477
1684
40203
43472
3923
3327
30859
6552
12314
15265
9035
42804
22559
14518
15003
6263
10655
13539
43334
4664
22948
52372
28188
9482
34105
2589
30607
41127
75502
182141
7580
53150
2906
18944
36547
12786
29257
11911
15706
29299
6556
25054
4219
11751
13736
94082
5067
11010
11942
64039
15990
29216
45302
12857
18229
65020
3422
7701
36707
35091
12478
23773
10755
54472
7605
33513
13085
63957
2101
47104
54749
23310
31428
39481
85146
27891
48776
842
20275
25241
53336
14600
33419
19695
12291
69460
1136
18147
9249
38866
46539
35087
32485
13747
3022
75772
6235
20563
43999
80175
21678
1737
15348
25286
9002
23891
61603
11480
9559
40670
45128
21914
47733
36474
10192
22409
14967
11573
73155
59803
16434
22463
73317
37733
2679
86931
2286
11549
56264
29753
33165
61838
72271
7785
22158
8712
45192
7509
1775
38808
86700
24496
24385
14523
5286
7497
24331
12613
6859
39578
8470
17248
6818
4765
2337
48836
20516
8292
39429
64850
2241
1322
26925
45705
4447
10835
5989
26540
43565
61983
30357
51059
27670
7540
8333
57755
30481
15631
21478
15873
24572
6650
14741
20893
21588
15296
15896
5621
24355
16621
22742
8415
17310
14217
28891
22911
22596
159050
221949
16659
35907
57480
157115
6765
30592
6923
27863
43285
42216
79230
24013
57390
20208
14838
95049
9183
4159
94902
227220
16954
17039
63913
26164
10428
1931
5143
5300
16410
17722
6661
15513
84943
34811
12594
7859
21551
17198
70605
5214
10829
14537
27601
26208
31442
27206
3609
40858
88881
48015
19169
18608
80097
11285
73847
27230
8457
14865
18090
45442
12779
239084
13136
6940
58172
24358
18775
29314
72345
10682
22662
21068
8928
25364
12852
18541
6655
27232
25134
59359
8117
88963
58603
13358
26410
18097
16319
33138
48510
18213
8186
43073
7077
4300
17960
20309
9588
28187
7183
26019
3599
26711
46251
9948
9872
33589
42246
19622
45099
7448
21197
45669
24602
4832
76481
33148
55619
2098
6792
43000
9988
40951
57448
44463
46520
30243
1223
33249
30834
31174
22934
9826
3260
19386
38932
10042
19773
225035
16106
2828
32387
31432
20658
18139
32035
198127
20288
31449
31604
55089
161213
8049
8801
85379
53258
34746
67128
18209
17077
16242
18522
18456
3591
20406
24508
22330
58004
12798
41167
4936
56229
20510
46889
13016
8619
22854
28995
69274
10083
33654
18382
28762
9520
5283
29950
26131
51047
9892
4492
26783
9180
20522
34004
49312
41361
30900
23195
72947
4157
57848
49949
8185
27968
39399
41665
33489
30466
8814
9174
2346
18016
27649
15305
38732
28115
58864
18458
20318
36032
10035
31591
9915
13340
9598
59097
18271
9086
17439
4574
80138
54258
25089
8079
19857
55818
41549
1098
15750
15204
27482
13065
14418
72777
21671
31802
12597
30254
47326
37052
40491
76820
30935
33573
19150
60870
7713
48688
13842
32249
20738
218167
41839
23252
32095
94363
242685
227524
899
5514
22132
21122
22265
34446
39736
23158
30173
66519
48381
38799
68818
57043
46285
61681
81332
28665
3444
94193
11304
10903
35259
12342
5099
60680
2364
86791
39164
25091
5000
2379
13021
38872
59615
181653
20292
1759
15676
6991
66902
93534
81310
66463
13570
68640
46926
30004
9562
74686
512
67277
17971
37216
21886
7476
15848
76356
26458
2180
56713
5182
30157
1047
1682
93519
17563
20876
9799
30398
84064
22898
57584
27233
91112
33595
29833
10217
7373
9596
62905
54935
13523
82191
62409
15196
16384
9630
51449
747
33241
24580
17492
49618
79721
207675
24049
28983
72479
8058
28837
16026
2622
6442
36981
32579
9504
60976
16936
45802
29752
18638
5282
33401
69454
24297
15227
36246
52160
80815
30765
31838
93615
3054
37978
20179
18040
26328
15273
27437
1192
7291
41571
47573
36353
9974
37208
38490
40622
16183
48360
15689
57048
20723
3523
73596
64138
12788
33373
50624
9755
46899
11018
6614
21902
15153
30237
35054
15387
9464
1252
17741
2208
88098
40909
2954
58626
6746
8458
431
25992
9113
4271
3731
2975
20677
3235
2536
7049
25998
51072
76512
15049
34523
75829
16756
7188
9162
48833
5808
18180
8313
28985
37676
26593
53380
29115
20379
14434
5603
7940
2348
13554
11863
15045
10052
19027
91871
34133
22131
34042
17856
27860
45207
13798
7733
6814
62073
171588
36066
11180
35293
12294
36641
22562
6129
37066
19175
64816
44672
40336
10283
39845
19307
8821
18205
41877
73801
41489
18776
29762
33343
14024
13354
9494
25708
18155
40784
33508
17294
68298
28109
40387
45510
49684
1537
23703
36664
11514
32939
50731
17923
11993
3536
171381
24676
2052
7812
15802
47773
8783
20056
34298
9950
49219
29508
2246
35414
10536
47363
45559
35956
16838
6209
7324
37011
13715
6812
11982
22861
2132
11105
78991
23815
26234
86236
3392
16095
13473
26661
6216
2720
22232
52059
12102
74302
78956
52270
5536
8172
15207
1648
66470
37047
1763
5693
28879
2697
80872
31259
18509
75180
10866
74211
74324
16305
38690
17580
1827
11740
15275
37998
34890
13181
14344
43892
93704
28729
6774
25902
20627
25827
24285
38593
47235
29085
24010
15983
74193
89728
17497
23315
84640
16644
38279
79569
3989
12264
4395
24403
5193
20507
8721
39219
11963
25918
37183
25640
7879
81085
26570
15830
29956
18779
92130
30236
43938
87960
9060
7060
42181
93870
31979
42306
54425
28003
52969
76810
31138
35838
55961
6196
57736
5699
32137
25927
11675
11565
84186
26651
30591
18503
28073
48508
84048
3831
91192
12825
21256
19043
12513
1326
16385
1776
25901
19776
51093
21193
76531
50318
65446
9009
71878
2486
59307
30918
24862
41458
76217
8626
18990
46863
79513
8368
17600
85639
84134
10450
12792
51579
11013
42476
39644
43921
6014
46790
31572
33306
20644
48215
52256
29303
17403
47397
9212
24726
58152
26275
24822
5417
30775
17710
20519
12868
67668
15441
26336
83808
78197
171098
94614
22939
88396
42208
38627
150715
37497
20996
14695
51492
5710
26543
37827
16874
73673
47580
61368
24586
21990
9878
24628
60629
31792
65598
33005
15836
21756
56525
46880
82007
34602
31350
83841
14385
91625
12277
1046
207997
65229
54497
30337
17603
24344
7053
19011
20547
8416
17319
13198
9388
13574
30956
93222
47935
24156
20880
226
236
98
3293
35397
59327
55525
11603
62620
23822
9659
13506
65710
14048
49899
44782
33341
9493
19660
61551
11078
49110
14420
31733
6224
8115
8732
55968
44734
5529
20098
18919
31824
29748
617
26425
35195
39673
40362
11712
3374
7949
29177
14458
824
34532
7374
11912
5817
12234
14849
16211
6357
56095
16111
21767
1129
20863
22598
6729
3087
75544
7638
22602
10774
15921
15783
12851
12405
44078
24093
21362
647
11433
23448
66814
986
5432
7278
50319
25835
11579
5598
20754
17759
40057
66862
6601
2402
7800
15840
7834
29694
9676
6328
32699
25896
4750
5671
7659
21681
432
26585
18871
21893
28853
14619
6042
2527
13101
6058
70798
10230
37844
10000
38495
29463
13418
15193
61228
23343
19815
3885
37073
1769
4531
12663
3498
24830
36162
5351
7086
1253
3588
18438
10292
8869
16298
12490
32944
18126
1937
37896
12521
16757
4002
3597
29438
5505
28899
22484
6638
47797
30535
33692
13245
14852
507
22767
2253
21366
62086
1196
46128
30551
13558
28238
3741
3570
961
985
13849
75419
23116
5853
239
11173
19633
6267
2963
14471
5908
67740
619
7052
16888
26003
20610
12194
7170
23571
7788
48718
22025
63169
52825
8519
32696
49877
80483
53843
21126
6289
17572
7365
30634
66706
40619
15124
5682
10964
75007
72885
63265
85404
2054
81873
19757
38175
73209
32201
38236
2427
18568
26348
1127
13188
28215
25851
45262
169286
10092
28931
14021
25798
11163
35426
60185
37809
3138
26564
19387
34030
24644
1947
2861
15072
7095
11605
20100
13654
21612
30020
6663
44717
20441
38011
23942
28372
38479
61263
57965
5247
12242
5270
6548
27073
28767
6082
26355
73356
29552
1299
6554
7994
16782
54378
44573
13066
38581
23066
9691
45966
19304
30397
11800
50913
23184
10165
34094
7681
851
4143
2775
49077
65244
255
13426
84369
32133
61433
11185
25232
17785
51266
25258
9548
3488
34176
87579
39017
20072
32157
7396
53818
39345
25632
7478
49765
3132
29090
41034
10433
29834
16642
8648
35398
17818
22912
28847
209010
12717
30778
35550
53376
44884
62695
8788
48481
34500
23895
6964
33355
2355
33782
44674
1094
7080
4928
8351
52434
11436
17769
16160
11753
66848
24742
93467
81456
16335
7780
1860
12064
9118
75051
10074
2035
54769
32190
25591
17657
27861
23903
28066
21592
66708
67680
66269
31584
50056
10916
40758
28341
73171
53079
66690
1506
39811
82004
32135
20068
5004
4979
74533
29381
10195
8445
9597
27950
69004
12577
65317
10969
88183
24777
41506
17830
31063
11637
34236
82850
9023
46108
42338
22054
28924
43831
49721
8760
44456
80154
69798
78074
29283
18656
28857
56879
5069
29520
5414
47902
14658
4240
24903
11871
2704
11722
14512
23819
13112
27245
229844
5237
59536
7391
3310
21307
42824
10876
44272
87247
28675
88182
57267
20385
9419
25075
16177
11209
44329
12358
12051
58499
36724
49097
3500
36121
35047
24638
52975
5990
25771
2095
77750
23507
58932
21685
13575
26671
38075
58574
34426
2456
68259
5149
17612
2877
11080
1113
31998
7142
6609
10996
8990
12147
24109
7709
57711
4623
85517
20742
9352
32872
2826
43910
16928
56248
65973
23726
18390
37448
29311
19396
17135
41058
17746
86849
17636
40468
23977
3066
22716
52507
12545
26333
47305
66637
54698
41860
46031
14197
7081
12697
3217
58306
13882
14548
93832
56961
49858
38628
13226
15217
5363
81787
11225
41954
63442
18887
23854
80019
29174
6190
18420
10177
1897
68848
13351
2996
8265
81382
45557
21704
21721
1999
23098
156532
87740
80692
13826
27604
45726
43101
4904
1808
20499
26012
15907
25449
68094
14736
24047
71247
30603
46680
28161
65630
13393
28274
15472
64682
72981
16516
22320
2588
6378
31213
51392
81219
59308
40681
92085
4518
66793
25103
10616
20286
17396
34802
11555
11031
156716
19102
36025
27360
34771
13141
3729
14793
83906
6176
58364
14888
76858
21928
43006
58366
83123
40657
19564
33066
20719
82670
44099
30451
23833
21806
18913
37207
31896
12548
74235
47690
14176
14646
93280
373
69861
160740
18612
16803
6929
89616
25247
24664
23016
31118
8955
31888
44794
29419
72796
9390
47524
36944
44629
30724
4804
46881
22657
7675
33970
2053
22418
60404
23495
31930
41326
30036
21567
13850
49823
31997
9639
39588
65141
18154
18166
27755
6218
1392
20751
15741
45082
78382
10822
20864
92341
12973
46574
13243
91212
7897
18804
21672
27485
16237
28301
73152
3406
14443
17344
37306
77923
72066
31209
48071
32367
91514
8915
12408
12757
70728
108
113
251
105
248
252
171
96339
44523
35252
74579
30017
19824
35883
46291
10570
46522
60237
11238
8286
43304
20148
18870
40529
14268
15414
30799
36363
67292
33116
42051
8565
28082
56182
49640
8540
65332
13273
19668
688
9653
4963
18737
49368
12618
25201
36687
23479
47146
23011
24836
19404
10980
47675
3262
17435
17043
26031
1443
44875
12098
17480
7039
25891
79500
16185
10499
37877
18631
28079
28358
29678
7330
37737
13775
22643
13813
48326
16113
15327
30692
65758
49564
24439
87871
82201
36400
30831
27279
19839
29389
3779
32489
30957
16035
37888
80962
15919
50985
3173
15367
45615
79306
10371
48955
31484
6834
11077
12482
24660
43269
12134
38944
18546
33490
19826
45879
16162
9047
5918
26957
22822
31104
35493
94
17553
44980
33683
7433
9254
60442
71602
25042
17041
49808
4686
74043
14203
6111
6433
7867
13319
6543
4850
24723
16213
8700
463
24021
43962
11702
26383
9506
49084
72043
67495
43140
50614
33899
10588
24546
71072
54150
2928
11432
44025
27222
81612
47501
30439
80828
14988
4289
44634
3342
10587
14369
20438
26858
14774
8855
56677
19013
20444
11585
29201
8486
26482
50399
209933
8737
62375
12198
71136
47480
13265
9014
11846
32543
11944
13613
18087
57972
13541
33974
47732
3385
6180
34356
17958
4824
12368
62093
8643
63109
10087
51350
15128
10861
18866
13989
15240
28975
14273
35107
1516
23512
13779
2789
10623
54499
77463
12286
29494
27811
25115
14362
26691
83285
6312
22263
15222
72048
13502
12780
35936
15782
31347
21535
25152
82464
22538
5875
15561
16222
8191
43248
54933
55704
24564
78555
15856
71437
42966
5516
42270
13579
32263
30330
3490
5984
29557
30553
9752
86275
64701
4690
12266
46343
78592
19922
16267
43008
910
4791
34440
61897
12293
33166
17724
16078
34019
40653
20972
93234
80470
93034
88923
31972
54754
4242
37741
10179
11888
67154
36306
6390
44636
67278
3097
21015
37065
29962
63774
38462
38460
6821
19381
9558
16922
5552
15711
17500
46112
13924
48910
27582
15703
11035
22557
49360
12542
24086
41966
14756
46804
26135
50326
20285
71825
44947
6101
51571
9994
26486
4230
7760
19435
59643
57784
233581
11349
1545
35000
55771
15218
11899
56892
39954
8413
64932
2264
13237
14817
4404
6299
28440
33719
11947
11182
21838
70979
7331
34617
63184
34919
64533
23377
12622
39859
41774
21517
20254
2565
20058
53662
91103
17414
8357
1199
42863
50577
16476
11991
8061
968
18675
17754
3485
220498
30261
82881
5130
15095
2537
22677
21861
47879
6823
22730
28043
28314
13874
11220
3995
28754
69787
33295
65088
10069
91765
14228
24450
13093
5512
52152
26358
41211
35383
9673
27723
45586
62236
16856
8193
8980
32153
30316
20732
20821
59951
37221
10163
71227
75764
42849
51880
31106
16175
27418
71929
86826
94401
11954
5103
19606
22994
19353
25194
50254
13851
67553
62706
16506
7948
31649
1505
26222
19716
14181
9541
28466
41484
28969
45122
30933
10839
20542
8401
21760
29529
42912
20484
7648
4041
21582
13562
23497
25104
6374
40183
23419
28954
14935
95295
43541
49419
64243
38145
25105
25844
10941
55956
9475
12509
41039
91956
26401
41076
11203
11990
3045
4981
19332
23926
63356
618
13847
24501
17693
18253
78319
22387
9207
78759
81158
16980
7967
203127
24534
7871
190616
21698
26521
31966
241737
45195
7516
29308
1553
23182
16349
37967
41550
224744
12937
21566
83209
3724
63685
16635
11097
2983
8853
32663
54944
39926
11629
63744
14014
40156
16012
82995
54133
11506
5670
68935
54125
26774
7932
53952
19705
10407
6806
38409
29697
53915
14333
71590
20814
6053
38451
15350
28028
23702
10090
35583
34816
47238
77099
13915
14514
13592
14134
10274
31478
25132
23886
29275
11933
67922
57959
31731
40108
52359
4415
21117
4470
2868
10455
20016
33989
29449
10373
30457
14810
68220
9824
19182
16592
61478
18664
6075
14167
18508
5640
56091
43363
72693
6048
8574
57291
24719
46930
6192
8285
16082
41478
18511
18088
6158
87161
63340
55064
52968
20420
7576
9652
20485
3419
17556
22787
4410
28678
67304
49222
88367
11130
46355
23706
54333
57121
47205
77118
24233
26613
18506
33706
19895
18324
44603
41257
7035
29998
11233
53764
40788
71984
29032
49313
12944
12415
5577
5940
41613
18725
78800
28588
13299
79691
12145
33358
13193
13250
8512
12854
25328
12238
7954
18764
38422
3987
23161
29967
49654
71479
16328
27703
35727
37462
70218
75952
10728
19529
64283
32604
18581
32385
11758
21371
225347
60569
23245
32104
15695
26882
21143
55747
15433
16166
15388
11165
78565
22143
48826
50296
59449
6640
25693
5851
70156
199342
11126
54348
78590
12841
16505
16513
95094
24072
26809
6051
7670
27117
27504
45301
14780
241568
39511
23736
45698
42481
26676
22191
20196
47780
8903
18143
35443
26997
52773
51667
28546
62166
38096
30801
43798
22187
9466
23394
3742
42033
69036
61520
40983
78957
79291
80024
7738
41230
9522
8197
35277
19926
17633
2481
18077
71823
7524
22819
15522
48710
20921
1885
18214
45827
50945
6931
39259
31410
15554
36229
17974
13522
19432
19059
13106
7458
33990
21495
6292
42315
86185
42191
8070
1390
21449
19549
39138
20772
64008
1019
67781
12924
64897
50272
88523
29379
12920
13838
171253
13591
76598
22275
31890
18816
225335
60575
6108
16827
18877
25425
12941
64702
14882
12395
35725
33855
18274
2555
63386
62797
43676
3233
54521
1778
8817
24693
38225
53525
6117
53136
48028
24561
29667
21311
41205
33577
47726
24866
42483
34664
89853
7270
35732
20651
81739
70721
3836
49114
29051
57874
31852
14413
15894
6674
40143
81088
16943
75414
33205
33760
66287
29442
94075
41696
70507
63503
47450
1128
26990
71204
7239
34595
40354
27980
178504
6736
66209
4405
36606
38449
69514
234200
16402
67765
2659
46234
41001
230448
15279
13474
27786
67144
22957
81844
21265
31304
47584
157478
17826
42812
81213
1836
39277
25282
35706
55783
453
797
30204
29935
37178
9433
16355
29337
566
9497
33435
69849
70897
44109
46367
55807
15537
27000
60828
70194
31260
46068
50966
18966
64195
1183
16894
72380
58553
58565
29843
9447
4442
4267
35672
23907
7009
7535
37854
26055
3345
51030
32982
24782
43897
33105
67548
8949
25504
17957
6885
5487
20632
17983
34032
116
20548
50846
20777
14036
33345
71048
22223
3346
36489
19090
23834
34407
32957
55477
16610
18252
23339
11006
80634
181488
13561
50104
26544
42940
37368
12461
82035
6043
19392
1075
32094
13140
13792
22084
25067
13331
79823
90718
242545
53140
7493
90454
8541
48411
74551
22506
57484
94358
50334
23630
8105
1653
52482
77484
1711
59285
2714
14421
11088
22196
12229
23373
32752
7856
49017
92413
40338
10114
16087
6512
15610
91917
50039
15393
17353
23140
42303
40967
10506
7828
63592
24251
19104
33780
15443
26112
24844
45140
80005
6623
67606
499
44410
9331
90241
8520
28945
34007
48456
21238
15898
233700
11984
2981
7773
59943
69463
15721
35078
67444
20554
8604
180731
64610
2893
29815
10495
47224
6758
25015
8369
19724
31397
89931
12248
93752
45595
12674
15746
31217
74046
60847
18593
24409
29884
3285
49955
15879
25586
17444
40408
13017
12837
9978
23837
16251
10191
26317
50850
7578
184843
43555
65043
36802
71522
38292
24171
50098
30363
30304
69869
35102
30370
77856
19569
6637
25471
35359
16632
18206
9083
51563
90545
12655
94737
10178
56127
76592
36283
650
78213
11299
63310
57714
13799
19322
3822
979
42019
28746
7822
1155
244729
13999
88468
56729
92906
54209
7836
45796
7430
22127
3526
22057
22717
227953
20606
7567
52963
16993
163864
70853
45555
35888
14856
11454
17504
24051
50110
31563
55488
6077
16731
60134
69727
39943
11382
26646
16739
29321
25679
80558
18507
72239
3834
51169
11108
12965
26387
65774
44751
34382
25250
56784
22452
22584
30720
61842
31381
67926
20551
63542
13772
9875
21585
19096
20038
1795
59103
74962
14910
36891
68002
11051
13363
25396
7543
18120
35723
60694
29146
39002
6037
23267
15493
12832
34403
43197
38334
47915
69547
8305
25206
44814
18494
27141
61602
34468
20587
11914
48285
44035
7401
12761
75559
75571
5765
12124
23358
16519
25068
47698
58532
13767
19749
43986
63620
32689
3826
10569
60263
28829
81082
30735
26314
41131
79341
25329
48395
28892
53858
2080
10727
27028
2471
77375
45743
32977
58293
48988
3533
13371
26956
14459
16224
88888
45807
16253
55954
75785
407
1485
2057
5047
86879
38710
25407
13230
58205
35175
40642
7855
33876
28100
24469
1570
180320
6384
11816
25553
34237
30410
26023
41258
7511
222839
15982
57962
24140
79369
6028
7750
223443
182923
84699
74468
19176
37907
59040
243102
62641
17280
960
16603
16958
31247
28425
12360
42189
64776
51894
14828
15245
67695
22855
95334
212411
27023
46266
13657
966
63854
93171
85595
57885
67528
9533
91517
25624
24164
55434
12688
63040
19889
69159
217640
47898
84907
9846
79676
30817
526
234268
15768
6191
4622
16687
12148
20125
74017
190183
64797
9939
167115
47784
20736
30108
22433
20663
30753
44680
16289
9300
52116
39677
8996
6266
13861
3007
26860
49956
36390
43431
8920
93565
7209
54059
30740
70902
25592
69281
37919
30333
17605
21216
24685
71420
37338
6179
59197
12460
10351
13543
13801
78142
48114
37994
12065
15592
15243
16536
22545
7344
62414
36565
48155
11261
9695
14831
31152
29627
26747
66357
28097
18561
188928
56839
77296
22425
49813
19379
18377
27952
77522
50111
30287
28509
25950
28249
3389
1356
5531
19228
31240
2453
67718
10939
20649
5962
9206
34624
10973
82927
48248
34487
3789
40790
522
78953
35337
49443
47340
218337
60352
21939
44553
94951
30618
24515
3426
64800
30530
24598
9806
64608
9078
19084
1982
23655
62708
57247
14469
39008
14601
16413
21288
77483
53577
10921
62629
81855
46124
6477
74483
38934
21354
40600
81172
7820
220677
18310
19389
68984
32131
64922
15909
7864
29635
631
6476
14731
90836
30332
27049
93159
18971
4816
12140
10166
4088
35950
61545
32687
7328
79543
61236
34635
20934
216314
52976
4355
25619
5203
63119
60487
59917
62805
41129
35937
47929
44303
4595
58191
46083
11483
79816
11073
27059
9034
25811
37182
16826
3776
25731
21083
37034
6403
3958
65524
55404
48093
67448
22847
94718
39675
11134
5044
71230
31875
15710
4190
43726
12793
53836
24510
35972
31377
20961
91689
8128
35467
79627
6482
10162
43649
8749
16947
70534
31935
20182
19892
17312
32664
66420
28885
38012
3505
53236
36589
15422
12661
10528
8645
14809
205774
93902
63878
7444
21050
48043
92222
6529
37667
4197
3711
14803
2900
56888
34842
8374
7966
7451
61383
45850
1760
17624
31057
12459
84323
8200
7799
13341
5791
15454
3218
26301
18025
10020
55047
6976
31637
78349
33256
10248
15734
7263
11897
23024
20655
9707
2354
3913
23846
21384
22582
2782
34711
79837
9720
55080
8499
42045
33608
21812
19916
7863
20852
16572
36406
15466
13764
19210
17794
25910
23791
8144
20472
24399
20126
39532
72360
10060
8410
34850
24427
11806
29617
25064
4601
28471
49121
9577
31813
71492
10649
11762
9656
13268
58755
20851
13098
3223
33509
38450
94408
5666
87172
41108
20503
3550
57774
86551
33753
13948
8908
43509
56262
28624
64615
30563
15880
42798
26889
8642
17311
49743
33333
17100
21121
15330
26324
36026
23049
49310
60467
12464
53596
35516
13765
22873
22634
26040
67920
79024
1057
22007
18295
58496
6957
5174
39034
26404
17571
17925
41933
38171
61485
1062
57513
8848
26388
10500
38026
8719
70212
8085
94480
82428
53757
51763
31589
608
6401
61342
14050
340
23410
58602
10318
87066
32619
51277
90889
51671
69865
14411
9526
36616
13264
57964
53832
49309
42174
8478
69226
77258
26793
40188
11305
1826
46608
26427
29033
16910
51274
77299
24802
66615
3868
2064
70901
14725
69976
9216
59969
10408
57175
62941
88900
1773
3527
26303
18308
21906
62899
8077
11829
82398
37604
73059
12709
62097
88198
5793
65139
54775
8583
66776
71474
8167
28295
58082
987
16566
17462
26194
9797
34261
57491
21537
34835
47221
6910
42288
38261
38915
6314
51893
78521
46699
30738
27867
40406
9357
26363
34282
48659
6516
8531
85119
73038
5645
9425
6776
46279
62196
61759
86522
8168
40130
34880
8635
22230
23814
49006
9312
3994
12300
15628
26288
9205
13998
4790
25629
82899
2712
17401
42589
59699
16786
17238
14407
43208
84422
77149
43355
20308
84935
3556
25301
8253
38285
11591
9066
36867
20266
21022
6672
29017
26946
60691
63661
27997
56130
16347
21777
14441
32052
1333
12822
42106
70318
13923
223006
16428
19173
15985
10256
17915
7825
84106
24463
14963
27116
22832
2076
90409
37997
2939
11474
21157
12953
41451
40513
5687
49869
28434
53708
3907
92237
84309
22266
26778
672
25023
22966
14950
70322
15386
53668
4111
7891
8295
45724
11781
8989
20561
16654
27167
11965
29725
40751
75087
35718
6918
37205
55299
25926
33349
37707
41900
13834
42105
42705
44149
6532
13816
19225
10637
30647
12736
51621
35323
17717
16369
72330
7905
24625
3891
72720
46598
52067
15074
95424
38877
51915
75372
19713
41884
75496
27346
69938
82977
78040
19174
21155
8147
21618
23200
25216
42613
17834
47802
21170
11768
14161
27322
24835
3587
62732
158819
71458
72710
12187
23007
32184
42359
16015
92010
73093
33126
64818
32508
49352
1150
31766
46755
61794
53326
33652
39347
23551
53822
1254
19723
58671
33603
15854
45722
50073
22294
52730
2685
16234
36751
12834
9226
34786
53045
53720
36979
57475
37374
12656
25806
39125
9879
37852
16480
49724
5738
56392
5400
48632
57241
11208
16752
30407
14703
92535
48002
27929
57536
23368
39885
81987
56253
61483
56670
5736
17585
36838
10928
60568
91613
37722
48982
41437
8947
15131
20382
8155
52053
54033
47325
4980
6860
36906
89092
66959
70567
55409
17059
19842
82613
15375
12796
43105
51905
18680
33235
84762
43476
93399
3281
42369
15559
28258
26038
29665
10460
15861
7724
13939
27043
23416
53332
21031
34053
75987
60922
7298
35194
19568
19958
17533
9951
16703
1671
13823
52933
85403
57508
43939
82229
29088
78420
5137
35914
6441
52214
92376
10552
19012
49471
86007
84865
28385
25249
7120
186527
19054
74688
30675
23163
44968
23478
17835
26829
6755
14035
8736
684
13598
49875
21799
4481
4358
27944
9306
11124
11314
9223
25192
43164
80904
30494
64425
51465
74243
14337
8844
47905
35748
79575
31128
18376
34325
21325
77323
80898
51476
24363
7612
40612
17703
20822
7153
27292
12126
79098
91360
55375
76410
9923
32549
79562
28830
42736
38158
11747
32191
31610
49719
69078
83098
42618
18817
65119
15043
25221
21113
74151
33218
8695
71376
8734
9886
4856
7829
42764
24869
14178
8767
34055
61442
76753
78950
19974
22981
13336
52901
53513
60029
47800
17483
68015
31670
70791
34326
13131
49863
58917
4615
45487
48407
6257
52758
28874
15249
7317
15785
5764
71466
20011
13669
30960
93098
91057
1497
89879
53636
84767
43761
4503
13500
74216
3366
79946
41821
3758
54605
48397
97
245
20656
62926
10411
51744
12068
8146
22807
6233
27034
70703
13045
77256
13448
55832
19294
60277
17806
44748
63844
22845
22446
121
227
247
109
5007
47268
20144
11706
66376
28074
43944
70221
25917
82816
59824
85338
184085
3916
65171
32820
31182
6207
90501
83462
74308
35893
40230
14288
54719
2633
5094
21293
50504
3634
31881
15174
39792
29877
16643
44965
10863
4909
35406
39983
41412
16275
64726
30693
3151
11171
13716
23540
71592
34885
6631
11592
1668
36667
11721
16591
952
55718
1320
37142
39557
25749
36990
7359
10896
40275
10644
16686
4007
6503
40059
28926
17750
2562
1547
53612
19601
9716
78403
11490
58469
32039
78361
5588
35140
41784
30456
73595
14084
3161
63908
12429
20348
15957
53276
20543
5450
18712
17833
20665
31071
20678
95462
16218
20659
4638
7851
12537
32097
20078
21780
46736
3518
14751
17673
9287
16100
49825
15725
50921
11249
49693
35479
93531
22627
32530
27738
21378
3265
82197
48166
23229
28692
7151
18165
27355
39652
28497
22125
28812
971
30203
8346
21617
84298
76954
39198
9121
6436
51886
62871
44115
1422
19902
43618
17454
5680
1772
25791
15724
14833
13902
3057
38706
48142
2603
14040
19481
29014
51586
62259
5388
19361
9990
14653
16172
22407
26126
19268
20412
18176
15686
11493
6069
945
26814
9789
8554
7692
18961
12477
5473
17193
33152
39248
10174
47353
19551
41553
25074
19717
7984
93030
34045
16681
16648
10917
19963
16515
40541
2752
18987
15808
21250
1726
73533
6259
23061
5048
11650
87513
7673
19255
24304
8238
33240
19329
17466
8024
33625
962
52290
10900
17467
21736
16092
29006
38764
33972
19670
27666
35393
6471
415
19489
26312
11784
2909
16713
11085
19888
13452
71196
8702
15029
3991
33763
90651
26963
1520
14234
18716
39972
10435
70248
45409
43001
33075
24715
10545
20513
392
11177
9685
11419
55671
12152
45157
32570
5909
32147
25082
28173
12960
25522
48270
6282
70126
8280
35455
16760
15040
19425
23704
24865
3196
1488
50767
955
29921
10454
15675
103
26477
24689
7224
630
17297
20018
85868
28380
26381
25989
1315
7110
61544
51948
17775
16424
24806
18447
27064
46482
6796
24284
60520
18034
1059
13741
4343
8665
91130
6421
77333
14543
82228
78219
38511
79259
11570
127
71766
16297
52304
25690
18216
36320
37943
3356
4729
63714
17263
12616
1833
72063
238972
75258
47124
8271
20886
95135
53566
65335
39602
29450
22067
8040
20550
71903
61576
35795
24343
23283
23468
14032
21710
69917
17610
2768
37121
45277
16904
35894
39295
12303
242
235
18381
13432
40270
24850
21035
31358
11326
16815
71164
53057
17164
86760
20908
21142
27032
62446
28095
4616
11157
4859
60258
40624
74720
15523
3843
14138
6281
63026
4925
27129
34718
16103
20744
19152
34238
13178
33928
20269
18892
8412
5320
22182
25101
46625
38503
69772
91173
89795
11973
14754
241853
3631
73157
89736
25228
21387
57000
18479
18690
7778
2848
36831
42673
13683
44577
60280
37999
12100
74493
19201
21813
7048
54751
12304
46956
24245
64024
21733
53159
25304
7164
39129
81481
1265
51861
49276
71796
16108
8681
37638
23047
24943
67468
17111
5549
34136
42870
60675
56227
44631
21335
20696
73531
50445
31034
15421
9890
37033
30635
7711
94684
12740
15667
44712
19214
10039
11372
7024
23361
94693
17117
26571
23690
49349
57171
60073
37079
6102
73280
94109
14304
27018
5213
58594
34797
14760
22149
7700
36188
17476
8324
75515
23964
21734
9508
63871
87694
35662
20475
200205
35483
2642
63130
86120
75463
14926
68069
87033
13954
39949
14410
20692
11760
38141
12649
23435
33742
39928
29903
79987
29591
80625
10947
35971
6527
22221
26681
12692
73360
25045
35808
73113
40904
7916
64319
11686
6737
1106
5454
22631
10493
47217
53582
7227
27086
40506
95088
6022
46838
59364
230461
54474
238473
177034
48348
55949
11715
71219
36934
31490
20160
4150
31741
18824
7947
13076
85227
57813
32370
26065
49657
55802
29650
20391
82485
28317
80466
67234
3348
11787
29625
3168
70921
29560
15057
27756
2967
37364
65826
69501
19635
84452
45691
29594
11406
10699
4811
22579
34201
88866
5852
5390
16420
77920
15566
19604
6308
28713
43925
26490
40490
94964
27915
22541
5769
9264
15672
55021
25499
13505
81021
87413
49527
64345
11794
35335
28263
12388
48441
38789
79277
77573
43511
15665
62463
2990
23256
19412
53873
8987
2399
28470
24420
15270
19921
93445
20694
54796
4462
4137
50175
23191
5291
69764
69892
31418
41547
20826
1983
1456
30745
25682
7429
58347
4455
52182
4524
50808
54065
4479
33550
1967
87207
9576
19335
26759
38551
21782
51177
8621
53995
40453
50507
29269
39840
4024
35156
225
2128
11253
33655
21206
47392
59946
56940
79635
45881
25876
71359
73033
44780
47436
6211
5660
57957
20576
23329
49945
60891
72328
60911
30368
37252
25365
32304
44433
75848
64882
200217
71508
21956
79222
2508
61571
41454
27104
27471
82819
46575
89909
8534
5188
25267
5937
37170
21510
29869
22305
4848
12985
49496
28311
91850
4672
24020
6338
66477
39228
4068
72727
31239
69563
7973
15825
71963
69687
18754
1792
36111
28864
50167
56649
69350
78736
10098
18709
19989
15092
21399
44788
3282
13595
17190
70932
2907
4582
8475
19331
22826
36123
8255
90687
27191
24551
40980
15884
22052
37984
29964
248059
39886
62406
58717
64145
85632
22942
30883
28041
85160
3123
4500
776
28920
61527
22698
27734
8900
58237
30863
8112
33827
35299
86708
32045
23605
71923
23664
54335
83313
76622
22435
14726
46730
22695
2103
6878
93088
36314
39805
31974
55025
38085
31621
87673
15194
15547
9747
13151
36432
2959
17593
33744
24881
86534
9798
88215
54522
66499
55373
11159
5557
20887
86957
8663
46781
1579
14121
13200
92607
34283
15011
56553
23658
94968
33091
28239
44007
31404
4282
57129
17543
43427
10981
52250
69919
4809
18395
20763
41704
11735
23975
61120
5397
30562
8687
90521
10730
91139
33569
30977
7726
77518
39147
27263
54056
8317
59322
78119
49874
7272
13867
45765
18032
73294
23801
7349
21772
25137
36347
57636
24749
88379
205166
62633
19687
22335
41259
18113
29182
18757
67946
36422
79037
47448
2170
66534
18486
35133
64070
24921
85023
36055
45620
67220
38088
13385
4644
31047
7757
7496
47264
23737
28738
7418
32256
47728
80968
83233
29999
30038
15991
2979
40676
55471
22624
52494
20849
12782
46032
62109
30086
86335
15632
72141
20978
20296
41760
50703
3407
31740
23688
35977
46212
31720
14892
42088
40259
13118
43233
16029
57123
22306
42733
64686
163981
65278
67921
53880
1361
17651
7427
31251
34535
2252
32819
67504
33436
18567
41082
66868
88017
25555
1868
43209
1755
34184
46720
25117
6119
35024
48758
79482
30064
42151
39581
29106
21985
10760
11541
194179
22030
17336
43568
37660
86133
47774
12362
23530
26237
154230
14482
11272
75673
5591
93324
22348
70203
39237
4633
61686
45771
50155
57991
35073
15453
85384
14734
3564
19208
12003
31519
54533
12430
19318
19610
46703
21766
9501
6766
9813
13690
3573
91526
83487
37435
8634
15897
17145
30848
58142
21160
6175
89817
34012
56822
63067
69631
43280
33898
1281
75604
92743
5066
95949
60896
7313
82585
129278
97101
96226
48839
8114
29100
33208
9302
3633
17714
188912
61698
29797
58655
37550
26762
12217
52000
61312
33761
28519
60988
17959
92978
20792
39565
37747
23251
18417
17972
8659
55646
5916
66324
12719
23510
21814
9092
22838
18859
11465
6189
14971
21853
24426
18661
4933
42996
46275
56147
8594
45447
29755
46056
20105
76945
44896
81119
25730
50517
31030
32001
84340
34327
37701
8076
57011
47216
69945
32009
51326
89621
72965
81581
81505
19508
11328
46517
21873
50882
14727
54087
17592
85377
58284
22424
6203
4699
1031
33083
63874
69173
75033
8962
51394
28347
22943
1346
44521
16309
27502
17404
83286
13809
65305
52936
91046
44401
5877
47424
30875
63330
7438
72858
16692
2611
2664
40399
8180
65042
16249
31267
62059
29166
42939
43946
32210
3911
19650
33713
2903
17506
30810
19685
52907
26755
69050
6656
4550
9617
6373
19693
43202
25600
18736
38213
15401
45047
38676
75257
29487
61073
11985
23263
160845
44812
8425
63167
55981
35121
17279
13445
25486
77009
20727
61444
45453
12298
50196
9995
48011
55874
5403
32093
13388
8690
14737
35856
40899
25006
48145
53784
94680
26865
38243
10773
46800
58261
8916
21420
8852
31058
13157
10602
11908
45091
35615
42951
27787
25016
72000
8234
82505
26545
44578
18353
26955
64420
16965
13734
66579
93529
5299
18173
39378
11448
2847
37980
130
118
134
243
114
115
119
232
104
249
112
68086
19360
2125
2687
2110
64102
159
1873
5205
8921
82793
597
16435
18222
19306
13337
45171
6950
14286
45371
24226
46848
23695
13034
20087
4657
31435
21369
57190
70755
26862
25605
772
49927
23721
18431
1244
35076
32769
16986
81279
42963
11658
14374
53878
207180
54458
2769
24384
88445
89153
15620
82932
3225
7332
45867
18473
30650
18465
87314
69612
3038
11852
30932
52145
61811
32058
77627
14880
32509
76649
63900
6916
74244
66961
45414
31371
47070
30700
50665
48483
58333
48039
30500
39263
64917
35999
60227
22941
13154
23324
29965
53356
58320
75576
36459
80663
73260
30135
29859
31133
33146
32877
78575
5382
93844
165691
40181
34795
11435
19507
36300
62365
73938
23215
25728
72978
12118
92456
21464
65785
4039
36797
79686
30479
7590
90300
53648
64715
57716
89107
33214
43850
6870
42516
8818
33817
12350
20375
7287
64216
34841
28113
32187
1695
634
80706
47410
49316
13511
28412
45883
42666
18916
60182
23288
55979
50069
36307
47828
31268
73218
197392
98979
101205
28242
219174
13121
15832
16878
67195
25358
21832
41248
62600
29317
64249
58351
15963
11773
14921
13399
28032
66485
64028
73353
25296
14665
37895
10049
93440
28256
80822
80837
45822
75778
29612
56149
37456
56212
38394
21330
58044
63636
26281
28855
60238
65853
77797
5812
27817
83965
62297
48163
20756
51199
59582
52663
60622
21542
36636
22089
46768
21490
14819
12000
152838
32405
102996
155710
247029
96830
770
54097
33042
7218
2799
42724
33305
45914
18444
162183
54399
57415
25087
61720
24001
30362
21717
81997
35463
38116
15448
27735
65703
24024
23953
5622
96980
79622
83214
86231
10399
43606
23728
202047
30031
246931
45220
96183
197323
24396
213703
30248
91366
186259
96009
167810
99420
173849
96203
2181
53931
39967
29577
99067
48061
97682
96512
15303
97753
96350
63847
56932
69164
24281
4580
71171
31279
18337
48874
20539
17940
22718
29802
37214
23275
45154
57467
22485
8609
22087
64369
83426
67855
11723
16855
17352
70548
21587
56994
20064
32946
34198
37474
28728
24654
8246
65219
25113
57956
25325
52915
52850
81859
13438
87317
79388
9069
40161
3408
25880
62266
4057
77474
216007
4723
3103
11294
26508
49061
9111
13352
12301
54477
16776
7928
57530
50875
12702
41544
25144
55957
88222
32863
23122
23608
78207
21194
18576
66483
21188
29128
56198
68496
38486
46786
45468
4948
18099
52602
89545
28705
45831
36881
67076
65966
22823
42641
14488
23913
7554
37273
65920
4208
3763
19566
28373
24133
22757
8932
87748
37453
35289
9604
30066
89712
19233
78580
9017
49151
21036
1186
23632
43471
12093
20482
44047
15533
16332
16115
61031
38884
12681
9926
54466
64969
37357
1883
48583
59700
14969
17558
80762
15465
35803
41567
92132
44529
7860
86258
82543
63862
57657
41647
26596
88584
93048
46171
47791
29640
59678
50488
13176
41276
27312
18073
41626
73298
32559
49437
243332
16198
33877
29238
17677
39019
78295
8799
44279
77431
33633
80234
17981
35809
47246
84212
38372
45871
10346
32584
38032
15715
24998
22175
31687
36912
29169
30887
11098
28268
9670
36833
66769
7742
36812
5862
14811
6099
79678
40719
46082
87418
93116
25477
59210
70421
65956
45762
75491
86353
55624
25398
40300
94867
2242
4155
57864
53274
82792
41329
49031
43775
21665
81890
22094
30223
15117
38568
76118
63007
235192
28766
74167
21655
47641
81949
70976
56628
42634
3734
42465
41753
13159
743
28935
44719
49475
36855
91108
61725
49900
41171
57518
18291
34965
24060
10462
12296
14172
12984
76068
71615
55156
3783
18858
14047
176144
61540
20417
34729
9138
45104
73352
200733
18439
44786
3298
25542
48540
40675
95671
74438
22022
16627
26471
34361
1540
14639
67769
88137
3313
17185
79434
83093
5269
83145
48477
20557
74459
7963
10794
4012
28574
15333
58114
64739
16534
39194
4248
89699
31559
44495
32223
2765
88944
70753
3780
26264
41935
53595
14086
82838
65223
11041
46553
25912
22496
30630
94236
32219
22362
66872
16450
58264
81170
48999
13220
15229
21415
47756
40260
60683
72617
23449
79120
50460
33565
41986
19488
12715
43222
35649
2718
10698
24157
47495
68934
7942
40782
22329
41233
19629
6268
3159
25388
70754
37768
70454
23316
34489
15654
163398
24579
56178
89050
47418
61565
70474
8381
35901
30701
35203
5521
58217
245514
48391
47571
38139
33254
27155
12378
10142
48772
88315
52149
31325
63881
35967
35801
23770
45180
9710
65499
30067
46657
12561
22788
4020
58861
15173
42152
15065
5626
25510
29122
68554
10922
82148
43990
83686
76866
61752
10929
49220
14023
34556
75013
77094
61790
3413
77019
8937
54433
70997
36045
64191
17699
80198
62782
13733
46306
23279
61674
17676
78091
91935
32788
37266
55610
24214
19235
78285
6106
25988
43619
14999
89204
76487
4554
86014
56084
37635
69022
89632
39743
33416
6178
62795
31238
80566
14795
39114
85719
40762
81640
3143
43787
58811
23286
27676
80345
84432
78686
65289
16120
28064
17171
32785
14034
21016
89737
23484
40410
50275
22333
62287
19516
28953
33679
32225
42180
28551
84573
59199
53866
76296
32927
72734
20935
50660
51549
37076
17926
45249
37473
65967
22546
11358
62112
239218
81960
90383
88972
11770
13942
2837
87178
20984
227619
40754
27132
39970
18354
65225
36862
12053
54601
208975
19643
86572
26179
40417
67055
24091
29254
21008
24455
6695
38776
85946
23308
35186
28498
38734
83208
66449
49007
31950
38729
20040
4849
47526
73677
68770
18756
38557
28464
14830
8548
7169
62527
11580
17845
25991
87055
7366
16231
13150
7005
8945
41363
31641
5472
30437
83015
5017
9524
29865
15120
89200
35334
8500
6591
39718
38100
75948
22777
46568
4971
20712
18306
12026
14089
71489
46830
8342
77473
16101
87897
16961
61457
61106
46664
11336
37317
31437
37843
53343
17168
10563
32059
17825
13608
46710
6201
25763
220238
53429
5959
75177
78673
46923
37807
170667
12061
21133
220493
11141
8762
21223
32740
24581
2776
91324
5997
8793
20336
39426
14786
185952
2013
2271
227680
68991
61007
90956
224452
79249
45326
48867
44383
183580
23222
37475
69311
53567
12795
40283
42120
4567
32253
210058
2369
35067
18677
17597
230111
38320
45248
61992
83271
20226
21722
85550
23209
71007
48647
25155
31334
212858
31451
50471
24935
66726
18766
245457
39292
57805
14693
49744
33914
32418
91175
4261
6986
30925
6345
195133
63587
27840
1641
69053
74845
59338
60373
45143
82907
89274
58880
90252
19108
88114
52957
27402
55316
211064
61863
65892
157972
32989
17762
61918
218059
57655
22466
10490
35983
53785
40132
35915
44299
7632
74973
81735
17498
39151
16444
94281
44778
20613
27812
43439
31003
62206
7185
45055
218750
21995
6850
64683
42392
57138
25080
41479
160686
85314
32339
64839
35539
91243
70984
12833
236218
32574
38483
22736
30246
80485
51755
10267
35916
82298
32195
38240
31423
25277
77096
62981
226001
17189
12797
27878
47565
80497
12125
53938
15420
36947
16149
34303
45373
45092
24657
93948
18639
29294
9900
1550
51343
89600
13959
2747
37013
59102
53185
54259
65734
52629
76534
37168
13469
35082
29055
31291
62088
11627
25262
63805
28282
62064
87286
25946
23652
87887
64790
14506
26729
64076
61923
61822
80259
35283
12615
62062
53981
52148
12346
75346
23950
24333
28940
61360
35670
73189
89485
60257
47114
38316
60742
13498
30976
71696
25618
2017
18453
94916
56896
36620
39751
38304
55112
45713
46819
3692
25055
85369
41706
66308
31955
46961
9229
15436
16232
37536
7491
46091
4764
46995
32728
69195
53282
8364
6624
40591
72112
80427
21962
26973
23438
29982
27562
29980
50538
44723
48715
60476
31765
44372
47375
81590
16063
6071
18646
68510
35300
93478
48260
62376
42649
65779
26601
220192
40593
36969
45044
37516
30697
26971
33362
74087
75867
22867
159537
5296
45936
25788
17739
44150
25709
50020
6657
53247
44500
7657
50648
92578
59035
7761
58815
39978
19217
221089
45516
36401
20891
3851
63224
36600
53478
82569
27946
174862
43915
54043
161687
15005
47593
32988
11387
38037
76594
76740
1080
34256
28330
78548
11840
19166
71266
23320
8743
23110
1351
194040
35034
25577
90403
11368
19253
67336
80367
85646
90810
20892
4148
22383
38257
29822
56099
5570
55162
70510
58169
28304
39334
51362
79938
195870
14163
238189
60641
62479
18042
33783
17654
215140
65152
22033
12363
42119
65606
59730
79501
25707
58705
26241
170653
165298
16248
13890
185757
56107
66321
44252
48329
16323
74356
20623
32495
12585
18391
26032
13244
26859
76159
4266
94504
18020
72032
55800
37060
42404
11617
30106
16419
8674
31983
32768
88839
57989
5230
94667
24578
34671
6537
51898
9869
11162
6909
12922
10131
64383
6368
45548
12044
9486
20795
40580
39633
46561
4053
9998
4767
55509
157499
34560
73290
80874
64128
39799
5481
49154
39937
35909
3016
36894
18839
28539
22270
14175
40348
57661
57378
49870
37584
60356
12635
17002
13944
29856
42770
28394
49715
95016
24493
31948
44217
11384
54670
78233
39551
66063
45222
56354
2767
22411
10201
12059
58143
29176
73028
8383
54447
51457
35311
5385
66874
9203
167449
72582
52677
25819
75216
28736
79293
26977
14977
33847
46658
21735
30306
29601
10040
17680
84043
7208
87012
9517
30626
20830
36885
40584
34580
43187
47345
24253
4708
22088
6485
13051
14115
84673
24176
43872
13966
41831
7661
86878
50397
17575
81981
89730
30953
66025
74746
7764
3968
12747
58068
38103
160443
3606
16580
12870
94247
46315
19865
22385
32026
18207
38885
89151
35281
20622
38301
54671
47471
11227
23081
480
34018
68587
59358
211385
27290
67814
26932
37103
44728
93451
27749
7857
14536
69370
75162
31776
8963
167223
9513
83210
22480
26438
32837
28599
14131
48406
14697
18915
22267
59550
68635
44350
44703
10349
67711
56730
16732
79797
41414
21395
22833
243740
236884
70763
16850
28515
862
5770
61333
23847
28993
18845
19537
9862
14607
20310
95326
31427
12713
18414
17474
210373
33710
43819
41462
61778
52593
38347
93051
14066
17005
75091
79418
15181
22494
55296
76177
19200
94323
85283
49209
74828
35729
15965
28279
71702
11235
82324
26654
2463
37795
27419
94650
54044
42653
32866
40840
207926
43510
41965
33971
34063
54231
19561
36141
79533
64442
79240
35143
40171
17683
5678
91310
44770
90953
47317
6735
69942
83185
84570
20518
67139
70822
95316
47000
31398
26699
15984
74880
8235
4339
29094
30982
31703
81132
35296
8477
29639
36158
53088
59323
217415
82517
48704
13912
92260
53283
40138
25971
49057
83429
49195
31669
6636
60993
52498
184229
33952
3229
455
25948
93987
8605
12543
52701
89242
15133
26802
91298
91169
29482
207299
71802
16788
28241
30942
23958
13379
33420
17865
47485
9156
14455
25823
50557
54328
33461
81049
42176
77650
3352
34512
6808
9404
55881
35769
41909
65275
62637
29693
34775
27650
2644
61416
90777
26702
45476
65837
82659
17733
25780
43741
44694
10972
14981
63504
69927
15598
69666
2003
57115
12013
77083
48884
70173
40096
95539
30879
23533
28765
86319
78909
95610
6284
39742
67726
33718
84066
27619
42864
65724
72572
62955
79552
42007
70323
62978
18791
2157
8051
188237
39187
12947
88429
17968
154572
45358
655
57994
59217
51482
66248
60066
93763
36139
47792
38345
46867
23272
16625
15220
25457
4386
76591
25943
19352
17162
25874
46784
53916
35836
50079
26146
28390
69098
59168
95417
10584
68737
38059
41142
16017
25347
16917
16719
26349
36742
18818
12791
13407
12723
25333
24687
15624
18175
78220
7327
56411
3674
59818
27051
27643
12116
16468
64770
60938
163197
25674
3963
25660
78209
51745
21046
56595
47927
18539
62834
18964
11099
223263
64303
39979
80162
51883
38587
18706
87030
39128
89478
30941
8876
45486
26217
86422
56603
30850
23812
24066
166007
22864
39029
52461
42169
24278
16710
79799
24964
44026
33730
66785
59136
23469
21352
71126
48281
59831
18795
40344
7281
51983
9000
18808
86125
32709
12418
46099
15024
8250
19426
6474
49975
35148
54510
41680
35189
3084
7023
46975
46009
31719
9736
24089
54917
15041
16353
75932
83117
28846
52354
16864
10509
64171
36002
24776
55424
10175
68191
30404
34075
45833
62041
81271
16204
21410
38556
67851
34271
54322
5563
14171
84184
61280
75963
48946
78986
40327
91189
11100
26663
50452
62060
49749
52862
15535
33936
32732
59562
55668
42867
53992
44399
52651
41078
49963
83148
81083
3487
26310
62084
19923
19147
68625
17691
89348
88376
76245
85535
60714
84761
155377
173175
29566
41386
24839
67312
81682
21374
20407
52044
22421
90782
12712
18436
53111
42249
23082
25517
9061
204543
53786
49411
211476
85284
54770
43448
4679
43563
49698
47523
156179
7546
84280
58635
47091
11953
26704
61199
18550
74316
18397
30315
175834
10756
85346
206103
21831
20753
22960
15767
9934
36275
4950
36336
14859
24833
30641
32118
41646
41728
58507
23094
32504
13675
52709
44925
67440
16441
42092
24804
16032
10751
92261
24288
43891
13364
10887
47266
70741
9304
28189
16716
26231
30311
11865
38716
27436
28331
44570
95631
19265
62592
7480
72196
38634
46039
42726
8254
43099
94914
27908
3012
13018
35761
90451
15028
30264
48749
31119
47206
39348
71235
229860
26342
71737
44413
30313
10249
6927
33826
10461
39957
35052
23620
12987
40386
9064
22600
21637
19903
10054
29164
7849
77412
13805
17227
55657
86228
36140
38943
66745
32602
78404
90727
41795
80284
228059
27707
30007
66094
74450
44284
16684
86506
19973
42667
85130
78904
1481
171908
59745
47763
19887
31679
243571
30527
62614
39443
33323
30931
43124
57537
49606
42003
16463
17429
50989
61198
58746
75736
28769
55913
64426
216210
3869
29078
18177
22800
12398
52837
21259
26463
26248
4813
3247
9877
242440
54512
59441
83975
44783
153819
160857
14223
12157
22043
5912
17430
60218
34153
64343
20701
62761
13519
17045
57686
55890
44747
78662
59934
7468
25316
183094
67542
71431
16147
27770
52023
8559
44959
7819
27987
23009
10446
53322
17393
45781
40026
11184
5163
67580
52441
5349
5648
30815
167608
5540
19040
24414
16133
10910
14815
29008
13900
40793
57953
14958
41854
9389
7998
7982
1930
9031
66956
36498
64188
80630
2755
43070
48829
9387
81428
43434
17820
33592
36219
31909
13307
5360
34444
51297
30269
20652
8203
23626
932
45869
67669
39559
33155
26307
37222
15670
21608
79806
10140
78922
22707
22412
48056
85572
75375
54037
73039
48274
41005
13047
36170
51981
209366
46164
14227
26760
88997
69321
46548
66781
36813
36147
6501
81410
28403
56987
21079
54731
64120
23104
77388
55735
13091
29062
39062
44313
56235
39356
38864
210734
28761
37666
91253
42197
19620
40342
17888
33619
58763
46951
47958
236706
82075
3931
26820
27106
38432
9052
79583
60140
45662
29039
1036
32666
4940
14529
95464
23475
35859
32616
35694
11971
38160
245721
24402
32918
11500
46648
20421
83076
76665
66664
6255
23353
2689
46224
80248
31596
23595
35239
53099
84312
17345
90758
25936
73635
79958
75679
21867
17690
47440
11168
42562
64784
37945
61995
19342
3882
4558
7010
24491
38971
20588
62790
12079
22380
12551
14763
23145
69662
18774
58458
4594
85902
16395
15817
14029
65132
30043
4687
89085
47625
5018
24224
26600
47434
2087
40435
89119
19530
57374
32079
27164
92125
43163
80447
66640
42918
34669
91307
81982
58562
5430
15494
47621
163935
71688
51099
95641
14759
90294
68666
42470
191518
14591
84213
190727
26655
227862
21444
20965
67424
21368
66616
64899
69773
22120
25093
50727
21530
29459
86704
33661
37135
1549
43315
14534
71033
92747
43469
190441
56996
86060
84157
54988
32289
7703
79275
44745
6603
36534
18676
91904
8440
45005
18921
37714
79338
18117
27507
24710
28564
58282
31627
17367
76604
89700
19080
61249
42837
9677
48303
184845
82443
36897
82588
63418
27350
93434
18861
71205
23868
37469
38157
80592
71917
10937
19883
50527
237696
42622
33910
16612
1893
37549
14700
27788
65542
177955
4319
484
19698
4977
30458
26196
24002
35917
93499
72806
53781
2176
234459
71884
60049
90809
15166
6583
92465
24199
8056
71047
6335
19982
53864
91866
17491
95324
19399
32486
31913
65948
20091
38753
217252
208360
21202
156086
34038
30954
39597
161672
3472
76027
40677
71915
14180
183585
40479
54664
39192
77907
227018
3334
57728
91380
45322
21388
73359
64229
11834
217915
73248
8430
20192
4583
52097
53721
164238
10104
38821
42883
93182
33708
49320
51218
7339
74601
10657
6628
95183
37302
34849
31879
93363
42072
24517
48752
19350
74633
73877
51420
57773
16952
665
85492
32319
46661
11369
31039
46535
14341
33912
69169
64962
72005
5816
93577
35471
17113
91089
9936
184140
37564
22247
11391
91796
21130
14922
64856
12601
45393
46938
34888
26688
53192
27109
14467
20495
22841
215386
4258
29620
10739
963
57691
28773
60566
33958
80672
3707
43574
34338
50260
28934
19033
23154
18553
35605
21754
20395
21891
73916
71343
10594
10322
11938
20737
79785
17031
26491
17821
17742
29372
70839
72044
22561
1568
40562
32800
172020
54900
88680
66354
47753
55796
12511
8717
43330
45626
13494
183788
159599
33907
49424
85704
26092
89211
8893
64389
29071
21054
27879
54230
92311
44816
22371
39704
76111
61901
47126
25106
13726
78825
48154
67721
94044
58011
19697
73278
75237
64037
14334
65552
86396
7243
2825
28022
6935
70535
77816
48102
68219
32459
44839
11101
858
5724
25588
31958
53968
34609
94565
24956
27030
54020
69482
4659
55402
92262
26380
91597
10158
25585
25057
16966
61776
49941
9364
41605
19998
83541
13635
75122
64254
33757
12156
34425
10766
38657
25410
19781
33188
41928
3770
46067
48144
11822
25363
87248
36517
11102
5440
54784
35764
67489
12872
20470
56602
4584
75969
77225
49525
15735
8064
34684
17201
15742
35719
2960
30149
6693
59692
70415
31474
11633
6590
39855
36699
49914
46746
17034
3706
64583
59141
4717
13481
228657
42365
26898
28487
21183
63995
15766
73401
156245
17804
16940
27204
25230
71444
45732
11144
54908
1980
43693
36289
27079
83353
20131
76282
40878
22372
66800
182643
20201
10468
19628
12401
33536
58432
73273
83946
17991
29842
40339
27882
62597
12396
26025
63098
37048
11230
8164
30354
5333
80690
64886
68131
30441
61144
3171
203506
29853
39953
9090
43437
74757
35142
2779
7182
17987
48150
68387
49687
32115
37244
27911
9282
44394
179787
10603
93829
23665
35466
59609
45106
24897
5566
66219
16153
56343
38662
42267
28750
52274
154573
20151
190992
177025
2227
21004
45212
57549
14257
85945
48595
8426
6855
94391
42251
18378
39795
18259
74146
183763
221710
234149
239546
28222
222458
197289
54922
1131
20129
50096
20021
9065
7999
72064
67056
20053
24729
92131
49773
15885
5075
203055
27789
10599
34301
928
28733
22339
79059
154191
6810
49523
58292
11554
41388
86371
243246
34146
67430
5847
34961
68846
28545
3600
220554
90165
212217
48573
94567
46627
37360
25227
18798
46228
157385
6653
161382
3760
32057
89517
21297
5379
64833
20781
21300
89282
37057
4869
85880
42233
205817
31195
13789
91855
61934
35177
179842
194356
73552
68975
2726
72335
55039
22793
48261
59469
88297
75818
48735
29249
8769
87927
74358
27237
4512
94729
18548
29806
21118
39388
81584
90580
19333
181583
57694
68135
94564
81326
3837
29172
9258
13117
6930
59237
85589
12919
17689
28414
25620
65955
49993
39594
15756
68170
14279
13022
28839
188362
95206
44824
44353
21172
33076
38358
15774
59489
57419
40115
53568
56419
62239
74091
60372
12962
24026
31938
1279
31768
25680
45089
84563
72891
63030
46157
44067
43060
46006
36288
46393
55169
83702
33140
25293
58762
59347
9784
22773
36928
50148
14677
32179
9883
42346
38901
39827
78294
81753
58307
68431
27060
66438
6703
41596
8812
60158
85275
17521
78005
14209
70973
20541
65007
65387
24228
24014
20926
54920
21099
14844
95720
77376
49321
38438
40993
41272
22461
30716
30638
44970
54946
26115
25733
44054
61887
91944
20333
33012
38124
30008
59434
45378
45862
9544
71816
55730
21219
39851
57765
20204
74883
28911
81014
34296
16789
25437
6329
26965
28037
19407
89544
23589
48298
12644
1093
27652
34713
23004
80922
72832
30412
20816
30035
65844
10647
41561
13727
13376
6665
20592
42342
65340
36252
10549
10543
24489
18058
18717
1372
53718
11437
69963
17003
42787
43919
14431
47433
79476
229676
34747
61330
60135
42263
19631
27743
42450
25343
46747
31947
29680
11527
1886
79075
46342
23482
40950
17604
26541
72062
232996
12704
58609
18524
29501
26163
35715
16784
38640
34873
84031
1922
48624
12778
85305
40564
78806
47077
17749
20070
8287
77434
41144
3144
25446
51111
14484
22077
4545
91894
79334
31281
58497
42054
22237
51968
46163
160218
530
11397
11151
14038
29581
62830
41565
10305
26111
59601
49080
26701
56004
72222
67319
40465
48189
12077
55372
59076
67163
6670
74092
80371
26896
74267
29646
78096
35495
2422
19451
16821
34319
91861
47692
17315
92154
38677
73450
5083
19662
25149
16525
229021
6815
67386
55019
47686
74862
1319
2284
77736
78566
69532
82866
41029
35235
70527
790
19896
31816
12361
42900
11343
53319
28852
32913
1338
19506
32527
91229
27181
33118
21493
81004
46536
40037
17163
50417
31178
30062
10589
55606
183047
8178
65918
59868
11745
23099
53656
75329
17325
75345
61390
34927
65656
36566
55600
32404
7748
14081
35197
15563
10003
30272
14154
72537
54295
40353
66597
58684
70439
35237
80559
33828
51463
35130
37307
33072
44755
65154
13138
76195
67642
76662
93604
86613
6960
27254
9625
65713
3922
5380
50528
4693
41566
15235
30452
56260
40470
9564
35638
55218
63366
63003
79518
25939
22399
72669
56568
13676
24982
72770
93982
7950
4467
36381
76323
12155
15046
28439
45018
5541
44589
41424
27769
21930
32306
45016
30465
16094
36799
23128
79807
29329
74187
19427
24080
47921
13926
52826
9158
48478
20490
237174
1055
9296
14615
6779
233910
73339
6451
42861
29385
22268
47635
62363
86020
11394
61065
70538
63581
45401
89363
51700
13285
21070
12158
18424
55442
25066
62488
18623
30188
84091
16897
51856
16454
13527
67774
68188
64590
24101
32635
65174
13355
81234
55394
84489
33101
12136
30121
26029
82445
14588
20130
37619
22217
42559
50028
42300
12419
6095
15597
47106
22486
31534
41975
59255
4855
12689
13680
17109
16107
38251
52157
66887
10120
2436
63947
78357
53519
28886
70208
33504
31721
62949
186758
43694
82261
28961
48724
33969
86029
25697
15047
11268
85782
1434
84648
1959
58345
78733
22679
50273
40948
84038
23748
74021
32845
3879
55521
46203
24547
29001
21281
85308
71666
30241
33774
49747
94723
8453
71055
42058
87324
31324
53964
68139
44425
201012
185713
23220
21786
6017
63836
38813
27836
24545
67818
17807
11342
14133
86646
19121
16324
29141
48244
222390
227364
9181
1003
20959
20726
31511
40357
39512
31277
25157
20103
1115
133
40376
64359
81850
11120
71078
46624
11416
243380
243357
46621
72307
11759
19347
28101
73274
47406
36919
38644
17097
89082
18457
63328
14841
28352
72316
92421
12174
14432
41382
4465
57426
74576
40189
6582
66761
39321
55740
24129
46878
30382
6238
69699
37177
34897
12617
39636
42488
81532
61622
40917
50536
22321
18773
25366
3569
23562
26929
23928
38841
53302
26437
11894
19851
22157
28991
9613
38383
9916
47443
33481
219001
79029
13400
9361
92079
42748
80969
75607
35844
39336
26191
18953
24745
66952
14231
3815
78512
8911
21091
21648
155793
19036
16306
94063
185050
20715
85220
63740
77342
6724
20817
85399
1790
94106
9946
44039
3971
40256
33891
62342
11232
89836
9099
26228
74408
31079
60529
33230
9228
78989
36102
51129
30078
12517
48912
42297
28598
22533
64287
29927
13544
66716
14120
7549
27133
84697
32279
17513
13841
40212
19664
70376
95508
19049
42485
17434
71340
15191
65397
92947
36785
84336
65738
63574
28681
83021
4734
62405
5448
10312
1312
68999
93538
36435
94416
82412
60245
7809
24393
62004
55897
42316
58179
48555
39327
41178
19875
16173
20025
14597
461
14936
27920
34360
66985
28250
52675
7972
34817
9149
40116
27277
34383
19149
22589
74509
67948
50466
38573
63978
36231
92371
9642
60806
11315
11754
34783
39755
17349
32417
60390
61873
87325
8336
9135
18767
61374
8585
83559
32180
36131
10520
52815
90056
4953
71326
39703
79720
48690
44055
56488
70576
62040
60544
42366
13212
65178
64961
94876
44926
50862
28978
34390
236497
65740
4883
14808
73799
17443
37884
32791
20496
61292
86918
31299
13728
9487
63931
70402
70382
14645
24150
65669
57306
66577
30489
87051
59923
16360
69739
86492
73604
16504
21116
42941
65591
8697
65599
91223
83424
18973
18315
42164
59317
15591
35772
76073
51784
29603
78808
8724
64864
41295
12326
2479
37537
27463
2310
78268
27797
5429
27805
22583
16031
71830
30415
82083
53072
30089
87420
67248
15405
37247
75259
31805
43489
63705
22135
75006
37321
23823
23874
46931
82006
53230
21249
30661
24605
25439
43666
78753
75997
12772
16169
21599
43570
39359
78062
66080
92268
41022
32053
80644
32833
51172
10632
17921
31143
241334
95535
55465
25383
67981
52713
12456
18140
77260
31907
60006
23218
30794
42862
91966
12323
20716
62923
37763
73309
27284
25911
65144
70133
45178
72323
29153
91187
36964
77989
32043
12541
221798
80450
33986
21268
67080
94179
11228
10606
90152
44722
13721
38073
22746
14663
26104
66922
15097
20664
28554
32469
25348
48509
74564
44877
13125
9648
165879
61468
16083
42435
94682
82949
4038
32394
165644
22194
23901
22023
46084
59933
42650
75885
4461
48611
223302
78645
54884
14114
80306
24509
93106
76892
24717
25974
209935
91092
32916
12536
35726
20828
56482
197245
46841
77913
42329
30413
11771
34912
29183
2129
80131
19178
31619
35862
58075
58124
5477
15690
12767
34028
9213
3455
53164
30185
82531
2950
40978
32772
24485
9984
3367
69095
32753
61758
40240
19726
32760
75108
40355
20807
34898
19598
84234
26531
37311
80414
17038
71073
20195
28701
27926
91672
33041
64914
37003
36213
70290
51116
35099
15973
43854
9402
16640
13512
38399
21826
14153
19292
91694
89187
5198
24624
18422
6694
24098
4768
69582
18109
69735
1556
11214
49718
22565
2161
30374
24516
24155
1661
19735
36004
57013
49534
10869
95677
18950
9446
38817
15958
15395
55148
40922
37911
42205
57409
5620
95217
66322
63793
7537
16190
44585
10320
19099
74909
15370
17904
70544
10284
69533
47181
38812
21000
1924
29554
7686
20506
7602
46789
9884
18346
1714
4995
4978
4740
35007
4468
48317
45697
50792
62238
82760
6210
2598
76180
12950
11595
50199
23119
3308
55812
3390
14220
24310
49595
8692
40351
23873
45083
7791
40959
71777
22437
51310
45648
32967
21641
6277
18415
36354
230908
55686
34902
31265
63280
3395
30125
17756
32237
76803
48891
41182
11158
15593
19083
50667
26033
8910
22063
27702
89254
1194
19795
78526
12105
15094
6589
26122
35037
43193
60355
21852
8820
19581
16268
16418
47404
36040
50747
21963
13651
3848
27119
30499
14395
23378
53269
8339
11635
23428
39640
12070
95516
8483
12080
29545
17290
49930
73941
25033
29734
3562
37965
51786
17284
7617
72248
32694
1197
12986
73165
54582
77237
83223
21136
57607
21072
9546
64948
18260
16117
11730
32659
34831
82234
28252
30285
7872
88917
12584
81988
44017
2815
36960
63575
14332
25869
13497
921
57986
65473
48113
72921
29765
17040
15464
16364
7386
37825
62314
30104
165923
11696
39950
13087
56470
37894
39141
79661
45632
47620
5465
83264
66508
31344
42695
40092
83331
28068
92679
45173
6264
33501
15902
56986
23029
10759
6844
12149
22491
27223
86338
20537
53167
54205
21129
13614
11560
74701
38190
71141
89432
46689
28446
77311
10168
26876
34943
34910
85983
57838
13353
37072
19105
49868
92527
47065
70097
29993
11072
11181
76427
19110
44397
59988
11007
74840
26372
48796
57993
32880
42266
7145
59500
1950
22113
89546
16326
21645
28999
84810
18844
24334
10457
20724
63113
10519
32224
54227
3061
71065
48957
175267
22783
39920
611
37423
15165
81646
12976
68208
24992
30741
4741
10198
29809
15745
16499
21135
40040
38089
17770
30851
700
63244
43188
4793
64375
19524
2249
61234
4389
94699
65100
5475
34111
47551
86135
16341
77184
3489
11191
27613
7571
25408
13786
25966
26325
89708
79450
22195
13332
33351
19486
32479
45606
35680
40693
12802
26558
56180
40027
37915
23477
18569
48810
29749
8098
38136
23804
16040
21739
47628
54102
41663
21081
37436
43311
13427
61678
2202
10504
15137
33154
93827
9252
4169
31314
30096
14932
48637
78323
65932
92869
50206
66061
58120
17526
24930
19239
12427
12829
19661
7340
42984
56451
2108
7826
69287
35629
54633
19678
36730
51833
13533
22968
58337
47011
33389
17369
32780
15888
79925
8344
87370
34211
12819
56250
86725
37213
77252
42694
14477
60647
24041
72968
55744
58883
4029
64289
41190
36022
59890
57550
85286
28974
39748
24048
31192
78932
21261
9757
14224
20209
6534
43626
2994
50855
8043
12034
32488
64748
84839
61876
94988
27359
13440
26678
37685
76388
24317
58957
11838
51152
4568
17196
13317
39797
2211
47540
20838
11931
21614
17839
17652
11347
2621
3832
13333
9785
62131
4083
54845
25953
45138
44056
4163
81528
20183
62837
45993
12949
64575
30021
23474
17490
25050
87687
22188
43215
10573
46230
44240
37531
47971
29370
82938
40197
12948
13392
34170
90406
41554
48219
27833
6567
12900
49403
34856
24166
78537
27912
71944
74897
72346
36280
20762
36554
69583
36614
37140
34241
1949
18008
35218
39044
18959
6647
53559
21159
83111
83631
19703
32205
2084
76129
47121
28596
57405
16321
66584
35693
56678
55223
73977
28276
33801
66454
5161
69006
17431
85410
40372
5649
40711
28432
24382
23109
18879
34210
8099
17560
33342
10977
51891
44474
12325
13777
43664
93435
37421
19878
28621
30422
88259
18781
20239
73119
12907
2777
4704
14077
14106
32581
2056
40846
3795
41199
2386
79478
48092
54155
15824
12569
30088
29313
30667
57223
64370
38344
13780
13642
69268
13704
71097
14561
35061
47940
24722
52659
64804
1934
46028
30258
3036
13102
12718
24963
5180
36491
75446
87129
78560
57172
35970
12484
8047
8229
21571
64756
21989
56671
11359
10889
6566
45964
17887
17397
25153
29686
24991
17917
248068
248069
72105
23181
13943
79152
53004
5408
21391
42876
75048
36101
49256
14248
28313
92593
4010
6605
4427
15304
8777
75357
37356
1616
37160
23255
71144
60288
45465
5248
15354
26238
23921
831
31642
83599
37813
7616
42602
15512
17445
44330
87115
87275
38619
88919
47650
15473
17738
59929
14078
3002
33331
26804
46958
9305
21769
14532
72298
93918
41408
45640
25456
16956
29041
67068
27041
76944
62728
41758
29393
22040
87900
27260
71066
48318
23030
75185
80939
9274
25124
19498
14927
44469
63624
13616
41569
34078
33233
35667
8701
21061
3361
4179
45163
29738
44887
75693
11932
10473
24183
4629
30383
38610
13687
91500
8449
4379
54262
17142
21175
31749
27401
15732
46114
13055
53709
31181
11568
59717
53453
60226
30688
58542
35427
42935
30847
81845
37508
11854
80224
37466
6622
46478
21569
47838
71930
63406
78273
41237
34686
52857
74201
13655
39476
67861
51339
13960
59593
51644
10864
31561
21233
31588
30467
85673
17939
44344
69383
56267
25116
3323
41413
35543
14056
78988
35509
40396
67883
52822
68781
60960
40082
27935
36824
21573
78865
4923
46655
18588
24188
8913
22637
33271
34695
69184
12182
75812
5359
50143
59022
92288
46980
36875
32964
90751
34748
11049
41213
50713
12404
15693
11680
84670
15160
74697
53415
38566
38501
48524
9231
30695
34600
82127
17907
22295
71460
60322
52141
84591
67949
33777
7636
9649
69047
61613
5961
8957
5053
29860
44095
29377
16030
83080
149837
28286
47493
22902
19123
21224
76946
25371
17473
18939
51990
9071
14673
27933
56900
72838
28706
66825
20357
19411
10851
74397
34209
2946
23985
47013
27864
56161
38562
65909
32433
73971
2703
57668
25041
44475
68395
2639
14485
9033
13284
57402
58725
43015
4205
3461
41498
36836
11916
71601
9668
2300
53532
9415
18837
4806
34768
4291
5267
27135
4344
32524
88461
21951
35911
62807
11156
65358
38625
27948
58017
32335
84817
48699
24277
32107
59882
36725
43413
84736
23444
20713
77173
11872
31392
52733
90941
92692
78379
24927
95260
91809
90689
44147
32723
44644
67775
2277
13240
43499
17562
40278
33344
52006
33528
86153
13163
43130
39441
33507
15943
77624
31650
64251
14152
2709
71422
54607
188
44292
3829
38060
53572
84271
64941
36311
16394
65878
19768
24600
10250
4332
13599
12745
21527
45495
23556
7007
3664
33545
47194
7222
31205
30710
71433
19816
10481
48399
5585
37543
19588
45328
9739
91068
13345
10024
38245
23157
5844
48809
66560
12530
43543
33911
17373
19229
27903
87582
49187
45440
20960
1289
83290
86851
89160
15373
14059
54088
63558
28617
30854
67283
16673
27421
6387
35340
36642
51635
76673
81368
4529
20046
75115
34643
60738
51292
27938
25311
12025
18218
34132
7310
28568
51657
22988
28255
86904
1569
3423
8956
4996
6594
32614
56041
65406
73022
48784
44443
40068
75103
90837
89305
35413
65823
95171
21337
48263
12191
59877
42458
77033
6517
42284
55276
36465
47294
45019
42429
1462
62329
25994
52618
58812
32615
8315
16520
8838
38584
84338
9584
32523
26189
60416
58324
83632
94639
81367
7559
40893
4955
11402
36176
3383
6050
17764
22467
32686
68076
3174
16069
612
9026
7804
2988
10604
59286
66590
46793
26921
20638
47441
6734
22876
79581
13007
16230
8372
74528
7229
37606
21102
21412
5455
25460
55609
15698
22213
18498
11964
31752
51092
4014
94057
64653
31564
56974
77120
29113
21600
91345
8108
42897
49153
58923
48412
7647
62352
32049
32798
94381
22079
37985
7533
43700
47588
11143
60605
92068
43687
53031
27342
35944
18549
21549
9298
40799
24227
95044
12435
12184
26708
35935
93008
115830
14876
176374
99194
173698
98222
104285
19073
159295
85095
181509
97401
154720
148344
214403
98772
103200
12887
73828
43388
12838
60439
2413
61683
16403
41723
37641
84203
29246
59749
23760
64416
31114
9153
42821
22910
71647
51212
229660
42188
35643
15332
91756
90788
42170
83652
79531
76197
68508
25362
26605
4463
12865
11855
14987
4982
34526
24816
20791
51192
18030
11519
16528
26642
60477
74593
38633
48594
73612
37554
44275
13812
35851
95235
38920
15812
77255
20509
12586
31343
24993
83477
48811
66537
31038
25766
26653
60363
27179
35633
16938
16377
38999
15550
13044
68144
44592
28877
53678
26690
43967
59451
82717
84278
40770
5526
26384
72768
88965
64183
16535
54894
43433
11206
13199
37493
65208
47833
57556
23821
23908
52124
76616
59828
76717
16397
49237
78599
33578
6921
21017
3975
40716
37742
27730
18843
37180
56270
72996
32257
86348
91531
52070
33588
25244
41911
12222
6983
38488
38653
38845
62644
32475
54588
47455
26982
28921
57489
23716
16338
58875
22900
80098
10828
25187
27389
66172
54703
69439
8895
78279
74526
6987
75279
3908
20630
18243
25493
45035
18426
74648
72442
10678
3314
68457
30402
189948
12637
8281
15315
70948
20643
20346
15320
31288
51234
39393
13744
31151
61878
14372
53951
45919
15696
50697
6530
9062
7335
18702
71188
44127
38076
61818
52525
61108
25426
35044
17701
49035
33917
12146
6958
32291
14957
23371
29778
14073
34150
44155
80457
7442
38351
23348
36119
56547
89832
26182
10764
10483
26934
91480
60481
92473
59480
38591
3330
58446
91140
27200
21714
20282
29630
18811
71838
60983
67284
24291
54195
35002
78122
30351
34725
23412
43833
80004
9456
89049
45835
15805
6972
6140
43494
39814
61099
29297
11818
7353
45730
83115
38763
75707
12630
1437
53211
19739
45528
84302
55170
89015
17564
25643
4259
50559
13714
65623
53346
18834
53601
51285
16914
77818
40998
23968
50782
89458
40440
58701
42068
24488
41208
15385
35934
35018
44160
28955
86469
29715
28714
39417
71725
45885
31647
26875
15608
67012
18926
42684
29518
223
56308
25631
28365
28221
50606
5762
2834
48008
26190
14419
34306
60968
50907
17484
5889
45283
27122
50331
49625
41314
20521
12132
2596
49021
30644
33539
217741
11030
11489
4827
56002
12416
44511
17684
78462
36943
43502
73974
72549
61835
52436
11028
53133
8778
11601
70434
25610
6544
22862
32554
47919
19273
14974
16951
94466
10789
21921
10354
28237
12232
28490
92011
33312
37889
27015
52725
42574
87662
47725
10441
54568
14165
46347
59435
41231
80602
20776
38385
35081
3936
58190
25997
28335
34583
31190
32856
50526
17507
3519
65326
8755
21539
7720
31391
1410
28054
87284
58397
68084
29490
44647
46705
53244
68019
28075
8461
42427
47460
44868
34420
20469
16799
30419
8150
27017
53886
2301
34593
44846
51355
21402
46130
42809
7299
5116
159303
4919
32898
55915
17982
64681
26579
61552
49487
48052
72483
28044
51140
47478
44948
36899
228051
58716
138
139
142
244
224
229
231
25098
106
95
233
96
63882
6115
13607
156
61084
169
46474
24218
78547
87197
44576
55468
36395
154845
152084
66459
29357
39881
56142
82040
42497
45276
11398
17154
61281
51626
88452
5837
12243
6188
32765
29368
52112
28243
22382
18270
78493
73141
233738
45197
825
20116
40516
73421
50169
11662
9832
6142
49839
28895
29046
41532
23156
64891
94946
15792
19156
14202
30276
19536
52475
25051
77450
62227
43117
20366
25032
66583
95017
18169
78516
30103
57038
8985
26763
50340
73054
15430
16967
43552
15381
55692
28013
6274
17195
37981
34185
45051
56944
37201
12112
756
32624
94873
32882
28481
19113
50543
43320
74988
1426
48455
33634
29828
22028
41878
80724
12376
23777
30972
62023
3952
34944
35840
65018
50651
39349
11511
64489
7729
70112
27033
14747
12578
15032
52721
30211
30427
76489
21503
63187
23657
34034
92931
22318
13186
9904
53424
9055
15027
28930
15184
35106
46292
12624
5785
82643
78016
6427
13873
2995
10635
64462
73536
19505
82047
9235
66563
15603
44796
84381
18820
84419
91168
20377
43279
9912
15567
42657
23971
7581
6367
22977
51197
4263
52838
35260
36106
7768
17342
82384
73019
42606
69907
85288
11643
5356
79433
69808
67464
87374
24370
14261
57434
17493
10004
55816
41662
15955
16607
43250
77774
42590
24141
66854
61659
19296
30299
63352
58118
24792
45823
70842
50725
29527
19745
39424
77036
41040
80395
7379
230942
12800
38364
32102
20741
81637
33400
3329
29331
78848
51741
163514
51431
40697
4067
11083
57410
18272
84751
20114
46055
5906
86072
72371
15572
52264
88408
1431
48563
65560
34006
37029
71946
11628
35608
82054
87378
15377
28856
28662
86602
4830
41015
44732
56801
62003
36028
54577
27605
43078
17639
70136
36382
44205
84720
95639
46868
71261
27959
25644
64663
94621
91216
13732
73481
61077
47452
43630
69937
26295
59691
75190
74104
73965
55144
3491
196100
14007
21356
37016
9030
5807
14558
28946
92204
17840
24229
50977
40578
31989
47887
53321
91236
44145
41747
8766
10019
5652
40293
67025
15918
16991
14243
41999
11443
30537
5104
19189
14475
28312
39700
34337
90159
17999
21455
12341
62222
25484
46519
56778
85254
42447
15993
54964
19042
17385
90004
44349
92314
61205
16647
29727
68772
29622
44102
76564
28112
36034
17675
29796
14283
28674
8488
20101
85804
67210
11817
51103
61103
88034
16240
72384
26923
45344
53643
74743
60570
40340
61030
74054
38402
53631
31921
37371
28942
8409
24649
48851
71408
44600
61643
22987
57590
4696
66821
35571
8523
83155
24720
221162
13024
38004
4780
62963
69964
28416
32421
48200
82975
5023
11655
23676
6504
35786
68394
15431
31431
23001
16085
11594
50719
14567
26867
67230
72310
21322
9778
26161
63898
29523
24852
13769
18868
37738
58115
18298
51139
61401
14267
85495
52611
77198
44932
10006
1527
26816
9744
18796
39299
22331
29504
23458
13214
74239
70278
169361
25862
12997
79597
16842
29103
63057
78805
28472
14622
83704
29318
89848
37212
12151
37359
60662
6660
94724
66569
5168
89838
42199
46259
8018
66070
69382
29571
21477
52767
19539
70585
91319
77352
2443
5755
7315
37116
47848
34312
11839
32477
40136
7214
18700
15939
15845
68110
18267
9779
2522
7377
15300
29047
89500
31616
25073
65272
45210
32068
54085
190196
78919
68873
58222
59145
42436
38214
53309
54223
4847
6227
34998
46953
29500
46389
38508
61471
85505
28862
60718
44375
23677
45061
29116
32853
43853
20733
30003
60832
10714
61325
90069
5999
74755
61570
31640
85144
45695
81347
77823
44484
74643
16042
14755
65230
50509
24904
89759
9856
5750
4373
83743
74656
16547
59408
4426
25007
41012
61789
56053
44418
31244
58134
88251
18084
16241
56024
27021
37169
21221
62420
6903
84113
34085
54132
48652
77064
55125
67373
55307
58383
37267
58173
53535
83501
15000
30600
85252
22296
74907
62366
45153
25334
45678
38754
23848
9612
72198
30226
86287
17664
62294
26566
39444
58502
5401
36191
53261
38595
51785
41717
33552
41122
28648
15406
11444
52922
61036
49198
11131
11179
43518
53221
7207
14944
69661
35931
57269
94497
29322
4444
86514
55804
13648
71142
75907
4516
56240
5565
31025
18836
6794
18618
189816
83422
81167
19557
8249
18100
77528
169629
82089
23036
47785
69366
41080
35474
22432
36986
40257
35547
6183
21840
34826
47198
48184
68376
10639
14508
3086
9053
54072
9840
27687
69251
13491
57592
50949
56695
36297
59769
173976
13731
21059
15205
54488
205228
4394
69334
73406
75352
40474
50123
52275
38447
10296
56837
24601
54210
62182
54302
94067
42393
16345
44473
8243
19179
34120
42711
21907
56133
14513
80589
95218
35324
40098
24504
68534
35012
34074
30503
6684
43906
41436
60565
11111
23966
17594
4294
53294
79998
15910
33875
1408
12084
39105
54372
36155
74152
37819
21240
3883
78711
32883
16583
76647
20362
88186
44462
45616
47646
71214
27699
36982
12794
57153
28354
76852
28072
45374
24276
16453
11034
92019
33720
82323
74224
3528
37334
83698
44967
56912
71630
70665
30779
37705
2504
46990
29712
45888
22502
89586
12611
5434
9672
57148
7798
32601
19655
45842
13631
35072
8670
90496
70022
86711
41320
59856
21433
62643
69847
42295
66323
37727
55792
50946
52688
43792
47285
52652
8960
22200
60282
27370
33902
36879
32814
52462
35399
37063
90843
94074
47312
40518
90085
71052
87785
89009
24025
30835
54027
18810
27385
19272
34464
1847
50853
4212
29485
74767
11868
5173
86355
53387
21749
52973
15389
7259
2865
11271
18028
1687
36407
20761
32296
93259
56933
39498
20265
34130
5718
13455
20695
13290
25621
65413
85870
42962
57250
20768
54539
57049
36035
8714
20173
30968
87138
15612
52655
89077
32364
14269
42017
5767
23027
11567
20330
40330
35758
11636
53688
78530
27631
94542
43088
23875
78352
13458
4050
40081
9515
45664
92614
69312
12550
43430
24132
65260
28561
62423
60854
44192
60194
57436
79881
44718
57389
21038
45382
8549
53075
89370
11772
41239
17782
9292
48459
6911
39592
26432
53235
39096
9681
11453
8584
17254
32391
84746
18368
75492
31778
28048
5298
27379
21973
2014
46311
43244
36948
25949
88970
11905
25718
14221
78685
35853
5727
89063
69897
46571
35051
79573
23592
27960
39382
59077
18148
12714
47500
16873
10393
14272
31975
90966
35701
8543
2681
47279
77267
68323
4820
66614
7755
78001
74319
182924
31129
14960
81684
95272
48129
76542
44698
75008
18838
36683
9445
6438
24209
29872
26512
48754
14720
28230
27475
8757
9485
21971
89422
51013
70594
50812
74383
72288
81994
36810
50029
79733
68829
34073
82537
32388
24959
61450
24217
31996
538
19363
32412
86037
70825
68304
73361
61153
2658
75674
83620
33996
11666
78572
40481
34386
43724
59686
6305
79608
23832
36552
14301
83412
52865
2220
40823
79525
42836
60059
90977
25092
42326
13215
10109
1517
17115
169706
768
17661
29192
22668
17066
31013
6032
52622
57035
39852
11743
63447
9175
21753
18065
37969
55917
10522
24481
18047
47550
90790
3417
79460
65316
17094
14206
37547
740
19526
8588
16084
74441
73058
76818
20361
65790
24523
15932
94154
30145
62553
28894
39904
93640
91636
28257
15238
34574
19950
19126
502
52119
16077
29178
35744
37352
19112
20113
12029
82898
41380
41799
88458
40838
85406
28860
41764
90527
50083
81116
33586
87506
5308
8667
15964
53642
13370
20351
73416
49664
31471
37595
71563
26597
40162
33111
53598
80776
34250
38333
74565
1419
52738
79210
84408
24030
48872
58752
15555
88551
8622
58276
51316
43230
18957
26060
7922
32580
43138
25557
32861
42279
6710
82908
51062
91793
90002
18236
69695
12270
30915
50330
55689
59944
4822
32176
29699
17805
26393
64578
68731
31562
6782
43983
68652
29973
29526
44876
79515
26968
17570
91473
11357
11404
4645
44900
40835
82095
13908
80321
17698
18530
27439
80045
36634
35226
5857
62141
15308
87990
34498
43971
31992
20967
77676
50588
23640
80086
9416
37416
6975
46437
36877
2874
60609
40757
29677
56438
65201
37447
14147
41499
14641
33555
13283
16867
36012
28550
53427
22895
21967
41195
22738
17006
38832
10436
53983
33340
59785
17174
44005
76548
86811
18443
31516
39770
2908
83750
66558
47781
16148
17812
24939
19452
23144
38217
72711
50384
68222
31961
28370
25386
25786
6508
88200
73455
40726
59093
35589
12462
41135
62618
35407
81194
47157
62900
46262
6550
42272
95296
6418
15924
74525
24153
77227
12522
73951
17458
23548
38323
49170
31456
21737
67802
6449
35880
11937
23670
84501
84504
56672
29491
71443
19145
77271
157243
30568
1956
57285
3897
7146
9355
55142
52641
2254
40287
8890
86869
54885
85256
87759
43166
3787
18790
52476
70433
28253
30666
43139
47862
5980
3468
36967
68308
65367
14013
24487
4908
18006
34145
40748
50194
20580
11631
93597
31273
33640
9986
28318
56497
11987
7501
91452
79944
41187
40510
74202
16188
34419
48025
31725
22151
9555
49966
46320
54040
9863
31086
85644
82212
34626
1270
15004
66313
64636
25719
40629
10009
73032
58112
38114
8256
12722
12115
41331
16974
17536
91390
61058
89563
67798
38168
30215
5014
34082
22653
57621
77129
3248
2191
25177
63374
11761
53479
4149
42410
13095
10203
7068
7173
56373
76563
55435
39165
65478
48698
70341
48421
31554
25353
23057
1694
41861
30804
77732
47889
5140
35232
26101
39678
11284
28556
52496
8836
16853
64313
610
20957
18466
85057
27203
46602
14388
8062
89002
14376
41534
4352
1202
11150
57609
43595
65884
21360
23470
15977
84109
8723
75558
37154
22569
30140
91953
25164
3305
86695
47355
31363
62195
20327
13586
34287
88478
75880
77785
54484
52554
56346
30653
51695
70953
11620
21843
21964
26996
10118
34810
77349
54429
56257
28060
2930
28907
59514
42418
19953
38016
90581
79751
85806
22523
12235
41067
82586
65975
20424
25866
34387
37993
54430
51269
60775
69777
27396
73623
38425
14358
7613
40786
16496
31699
9675
74537
25402
23325
85978
63452
47834
18313
9465
63792
21512
25351
31049
63056
29801
36165
62049
43153
49126
27372
12161
23281
10356
49649
94428
49134
54254
54789
41453
5416
63656
20589
34147
88753
30146
16531
73693
36429
20270
4665
33462
30182
25086
22285
22675
41288
13107
19925
16228
50826
15438
90256
57496
44934
23485
59240
52977
991
42678
15818
84744
78205
41341
33983
91623
35138
23532
11219
8544
33273
54032
54630
34956
45427
41515
44739
55045
9643
31662
18445
15314
29618
76888
27345
218784
94175
18857
86908
11497
49830
49172
70391
33567
15574
35569
16666
50642
47366
8388
86499
51666
19484
7161
14680
19317
43874
77006
52749
12178
16005
71565
25558
22530
8653
59487
48975
39064
38982
40121
11898
23912
61261
69788
19718
37715
27121
7107
63259
12192
59310
26289
51527
6347
52211
58271
59329
67375
6354
10124
18044
37490
26063
22761
48908
15306
94029
34507
66979
43179
37488
8039
60545
45329
21171
46580
22632
81307
24915
48004
23212
80440
47419
163380
50006
17646
53177
49996
35542
17098
52794
68967
28378
40367
21572
19429
39281
17527
21661
40661
45211
23722
56199
28465
29458
66973
31886
24163
22487
20874
39874
27781
92216
12942
19383
60491
11426
52665
39965
8658
49776
30807
177209
34781
89629
14577
34206
44924
78334
23269
86523
24237
52754
8269
33131
21481
28444
13917
18526
61924
17623
36834
5027
28973
57262
20221
24907
41614
43412
45941
13184
79726
85603
52993
72716
15582
15328
76729
18162
8713
6067
53163
87173
16086
9337
79139
32162
54277
79956
85679
46161
49128
52511
49539
28104
35960
1699
1584
71411
56571
38965
77516
30936
88894
38569
68526
67729
38939
17554
11255
63489
61829
32365
1397
85958
35675
15451
31544
18962
40103
26197
80807
58769
37625
10414
54563
13279
19850
50087
51230
77143
3797
31692
63568
7962
19632
22093
20255
40789
36504
42676
39470
14351
94345
11880
60514
27664
5509
25161
6428
82990
73624
90696
72805
10376
92711
38374
12927
39783
43844
28018
68194
49456
55333
24851
5969
81087
88747
32467
21299
76982
4387
30515
6648
17233
17591
53070
59042
8991
5542
19986
69947
88515
62697
51729
16567
21258
14445
62285
9970
14193
9081
84992
16699
36700
75319
76813
12496
24459
54952
28804
52146
82943
86365
37022
6848
7627
71320
5571
34936
83881
95558
59362
15378
43418
28157
2750
47532
43393
34433
91356
74238
42354
53499
55636
34937
26123
85616
92548
55141
72454
45066
70809
36424
17291
73870
78816
89445
75131
79869
59488
11202
25539
86433
217169
11320
3231
59079
25572
29089
14985
24690
29430
40802
19163
47999
20245
47202
30235
67023
34993
20973
52338
6139
42802
9960
25893
69109
9902
7280
22743
50545
10975
15130
39931
26824
51287
29512
46361
63821
15557
72314
31600
53809
39042
25160
63727
18997
4413
11535
41892
12742
20077
52189
72987
85629
28833
52931
87719
72120
94904
78891
12883
83452
10675
2800
51638
20489
23414
37621
38656
72707
37848
46296
3752
44555
33836
67355
10374
72792
20703
16655
25711
33476
62689
26202
58780
64623
58146
10361
22061
17868
4253
25785
9088
51591
24661
3373
27742
26806
20682
27568
35885
23521
59701
45351
11201
66167
91277
26042
5919
13971
15301
81093
92223
185169
1339
38008
41282
2670
76991
31305
31360
18141
16010
78595
45084
62744
72128
34822
30684
31841
94613
51989
37868
9623
2138
55036
28391
86717
38177
44606
18186
19373
31243
6254
17831
12648
24436
93830
37147
84532
65546
18696
2772
59007
60268
7108
7775
46761
2867
24484
7575
17298
22705
38516
52970
213098
9894
217790
33617
31812
19797
27523
18707
6863
27218
95203
3409
43176
21201
26453
13672
58249
1941
78934
1288
5074
21616
53475
37845
59429
95554
43031
38253
15313
43219
70821
607
54556
9921
1651
75401
25773
20640
5856
3601
6073
83568
83445
47764
29414
23877
38708
14394
33263
31051
35750
95342
26117
13634
26080
45309
5218
79285
15013
57893
27266
13030
35288
49388
19468
93553
46299
39308
61386
87715
3811
28315
43240
19810
46261
92506
71690
19409
60187
35214
67389
1123
13568
42367
6242
2162
11716
62254
14951
9435
10859
24799
229888
78549
22444
60317
86017
32456
35452
49238
52220
37219
13090
9592
19114
17992
19349
92862
75701
19032
44183
48470
84116
20372
29133
7348
30046
28169
36777
19847
32208
17557
81425
22367
64867
50348
3147
9833
83158
13430
64500
69923
39665
70186
7279
11236
28292
15289
90472
46026
55734
11717
15747
90792
89723
35264
39761
73867
53265
10034
3111
50361
89018
26640
35995
41445
21226
23185
29480
48979
67854
67631
78026
14840
81246
44431
34533
5761
73872
47601
14128
15007
77423
26686
50951
12546
53937
22505
63471
13031
35048
8829
23455
15216
48864
84791
39358
66029
30758
14714
36151
68930
60630
62029
71084
37643
55335
21103
8232
6143
67779
29292
17659
47699
61431
49741
746
14894
95071
60346
57079
45426
13974
30399
170584
73355
69697
50970
183485
33332
92075
70187
50569
29674
72840
44517
47739
11196
77796
8707
27296
55241
37951
8452
65001
3263
19870
12195
20609
33915
81936
8263
14423
10927
76261
25063
88308
31735
14874
28670
30682
47614
57532
72244
24295
18402
33365
33886
28872
37172
13662
11242
18394
7149
90082
76066
48658
81938
95652
23878
23033
12254
37061
2547
20110
48905
50359
15507
88451
59060
44504
68884
67209
50652
68600
48117
45299
64395
46135
36479
76624
15731
87303
89031
83193
90715
18484
26037
2613
25294
79141
51875
45247
45735
40079
29436
31219
57208
50446
18307
46117
4986
29933
21496
61507
13475
52775
41491
15090
8790
79331
12519
61443
24290
20633
92829
8856
46394
22451
6627
36038
19458
16852
12096
39760
47095
47143
91483
73074
77028
27047
32611
70807
17457
69077
18981
29420
31036
10170
45398
92649
27423
3440
31107
22728
31349
29353
88378
19019
63262
1840
30973
62305
22765
27588
22281
66744
59887
13758
236941
44944
43934
7061
25053
12804
15019
27930
9770
22136
9268
21684
81760
50342
42475
20026
10634
52640
14204
13840
35035
29781
68725
37964
21609
16715
67072
23911
30123
87006
94246
88463
12121
36835
24475
4742
43095
71366
57825
15077
17239
50529
68695
9773
75469
13909
41994
87341
34080
24074
14256
5040
32936
41164
62982
64927
63731
21251
61646
45217
24167
9095
62095
34114
44459
66203
94295
4234
88600
20653
21292
188807
36923
23989
34722
23700
55543
23335
55108
1738
32995
20197
23318
29582
64403
19696
20256
68803
20028
21439
91838
85120
43508
50707
37956
32735
86379
76303
82980
86549
74872
62959
20002
40071
6865
17743
32566
33486
34203
78951
28199
38532
78375
22974
40358
18894
17656
32332
51694
64913
62971
59349
52217
48342
15413
82151
10265
39866
21773
50789
15267
93788
64507
12486
19651
43735
25656
47058
12045
79164
67856
22046
48137
30838
31869
32000
72776
73180
32712
71448
8257
9500
14430
68768
31991
17438
29148
21974
15471
73414
33184
22010
61154
48042
19790
7640
233221
63606
17565
43650
10893
17996
35157
8898
27335
30756
39223
82067
25096
25976
76223
87792
32550
6078
51703
13667
10918
39232
10658
40724
44549
26537
3463
62020
16510
79173
27928
56538
55150
34970
47438
58042
14668
15114
40717
87500
84497
5201
36853
22753
63736
40833
34376
72067
70244
24453
11790
62327
43318
6046
42459
16254
61806
35819
19287
13679
46936
27758
13011
82602
74100
37234
66580
6301
12023
50873
19867
10102
40104
43065
72814
95521
28685
14011
10593
24842
17778
36079
30251
29830
35601
9527
21521
17758
33287
43697
33318
41415
25630
18446
9073
62673
49760
8550
32267
18855
57762
70172
80393
12357
62675
75739
23919
49876
33696
8001
70558
45633
15893
53320
8448
43764
6781
60176
4938
47289
76636
73102
69054
16599
44476
20714
39846
21453
62984
25884
87817
14823
66240
75672
69402
61195
25721
14082
7269
34652
36501
61192
19492
26517
15427
24219
37655
84964
59144
10386
29597
51940
6362
14309
28462
45657
41224
44232
17029
37792
81140
52956
68403
37510
22820
26501
93738
21454
23391
31525
13002
65414
8163
8296
31722
86988
9899
2283
12380
14027
27689
6076
23434
20793
30959
49702
14702
78407
91750
28210
51587
67194
70986
2910
6692
77991
16351
20910
39496
71432
52871
61709
36211
31221
47445
45785
37696
23531
4421
21041
31861
36425
81814
3933
73413
33336
48906
19085
10107
45577
16579
14189
12062
17848
4017
8230
66300
14233
36588
40119
65581
6718
44009
74717
35145
52654
42914
60893
27256
21755
18622
56407
15575
22640
74652
4317
6296
30575
6602
6928
12114
68831
8587
18813
21833
29840
14238
82073
29234
35444
8654
19100
66328
2118
91681
80747
80681
61021
15998
14798
24880
92015
41603
11999
51078
2591
84250
17512
6479
87650
51605
21437
42520
28949
45472
33848
80337
29890
30244
33620
45072
65611
1890
92895
33795
29736
33762
10997
55992
11176
24976
53812
19119
1895
46133
69160
1119
16978
69466
38126
39436
33950
51487
69236
47775
78248
65646
9443
12107
14044
40009
76348
1280
7378
25336
50953
22129
26473
16981
24332
23389
10304
81555
15923
8651
32083
18115
46940
84199
28489
8348
17645
81292
2788
15103
52227
54374
19645
73381
45949
41681
21895
33505
30784
49350
15272
60130
69994
99755
40958
10838
45194
70255
21174
60037
11728
83175
5035
91549
49398
83258
30054
72122
18416
6170
22450
10790
42328
58014
14565
33357
19572
81199
61179
43681
31361
59982
89013
76049
58234
61558
89691
28962
36171
28234
28216
90588
3275
42901
49493
35286
60741
49339
20312
20389
5654
90897
75396
15799
39922
37350
70617
27641
78249
3386
13423
87432
28293
28560
41745
36654
92286
230638
68471
33776
39492
55678
62951
77368
84029
64838
13707
90064
73118
8320
93653
20834
94575
14143
61580
43035
15352
77282
35705
16059
50589
47338
37232
5405
30290
69369
30344
8672
3552
11428
16743
44497
26297
20122
8380
25112
12251
25220
12853
31275
3695
42814
36286
42531
2676
78019
67747
1378
4522
45553
30474
23917
6015
48396
89720
95328
3849
2001
48820
90463
6011
9803
9535
8468
4934
6754
10560
11061
5818
7192
11014
2913
4001
9021
5939
31925
89681
48775
61126
55564
26526
39552
17519
22184
59229
30186
9609
26863
41853
47097
9266
14098
82135
95229
12801
48205
46590
54376
19048
24147
6519
15596
26183
12225
10914
244156
2608
62778
5258
5095
46290
7119
14782
54369
70573
78898
59009
72364
16141
172064
58231
81898
77885
47818
9634
12110
72906
74958
20171
82253
35959
12583
86418
47029
22307
12969
5482
84546
13048
36303
68804
60406
76506
30303
90423
3867
45208
65523
6063
16630
31964
72405
70564
69508
61222
169056
2862
5958
131
169347
169134
169183
158815
153065
144
159010
145
169760
34123
67917
154988
86016
246
230
158949
153102
99
101
250
169095
1486
169619
14945
240
65605
92156
20565
21742
30678
52456
148844
169222
24178
1232
28281
78695
68390
32673
56725
40310
18536
21148
201943
43771
15962
27629
42389
73387
77742
43075
7705
42524
25548
62756
83493
76403
61074
5943
48529
40122
45877
41751
18930
34088
74708
181368
67315
2244
13947
52711
44020
18564
68531
48964
7693
79714
52960
19939
23117
11996
23959
21487
21908
40416
27724
28014
5290
21303
37319
94204
8891
53961
15297
28542
83695
61594
46307
27995
61582
3735
12319
24898
15903
40335
52453
84681
24747
5231
77864
21213
89471
74811
53358
10585
10692
42438
2037
43409
31105
36717
47857
55032
47779
60433
12071
57417
52195
39100
72150
5749
7134
17406
2440
87393
79119
41787
59524
48713
21994
34676
34668
2217
53184
39973
73663
48830
65489
37361
68936
15460
84604
1964
12104
74197
62243
90668
75862
72992
69854
37740
7651
6039
48352
41808
27016
16143
9219
78130
8972
92813
38743
28049
90147
222957
6872
59054
77632
74574
14975
14562
23259
26843
38935
25675
27011
65582
80361
75125
12179
38094
25370
77769
62610
248058
29637
65118
16575
1377
32597
10028
18907
48917
87709
73313
28622
30594
27496
69702
88842
5125
94248
63653
27560
22985
36915
79016
12058
33853
93132
50042
17084
49581
12162
93884
93954
85111
48738
85126
2151
60564
22481
71598
88879
31508
49671
26483
29551
13750
19556
23961
79752
56578
79817
6880
19532
25377
22278
61274
64379
19284
21151
10038
46019
67503
31498
93865
66976
44996
43546
64285
58028
11466
24302
15444
44212
57178
44298
38066
88623
32956
72815
1382
34033
10732
15727
95449
22858
69351
16830
23107
41960
40633
17784
90700
40550
25602
81796
40485
24890
15708
21804
3965
28913
36740
5567
53237
43615
6153
71101
33740
51831
22923
95288
50390
58317
24781
33135
61872
21828
90128
80363
38642
94912
69720
34493
16606
20520
61170
34534
19405
52242
18551
92021
52032
56320
38788
47883
13114
54189
20676
7482
25165
92524
91037
21279
30192
224994
20654
36254
87110
676
84655
9848
89146
52412
56594
40755
88013
20374
45639
17479
51803
74270
67773
79077
89497
8750
246746
61880
48217
48605
14398
32844
76264
3610
57065
26247
22590
56613
53266
12516
41089
85542
51581
54260
79698
57997
54392
6702
3884
84728
67973
28898
57449
